./Datasets/Northwestern_Hand_Gesture/slices/xy/10/10_Fist_11,45
./Datasets/Northwestern_Hand_Gesture/slices/xy/10/10_Index_05,35
./Datasets/Northwestern_Hand_Gesture/slices/xy/10/10_Thumb_11,56
./Datasets/Northwestern_Hand_Gesture/slices/xy/10/10_SideIndex_13,74
./Datasets/Northwestern_Hand_Gesture/slices/xy/10/10_Thumb_06,93
./Datasets/Northwestern_Hand_Gesture/slices/xy/10/10_SideIndex_11,46
./Datasets/Northwestern_Hand_Gesture/slices/xy/10/10_Fist_05,45
./Datasets/Northwestern_Hand_Gesture/slices/xy/10/10_Thumb_03,38
./Datasets/Northwestern_Hand_Gesture/slices/xy/10/10_Thumb_07,29
./Datasets/Northwestern_Hand_Gesture/slices/xy/10/10_Fist_06,78
./Datasets/Northwestern_Hand_Gesture/slices/xy/10/10_Thumb_13,80
./Datasets/Northwestern_Hand_Gesture/slices/xy/10/10_Hand_13,90
./Datasets/Northwestern_Hand_Gesture/slices/xy/10/10_Fist_07,34
./Datasets/Northwestern_Hand_Gesture/slices/xy/10/10_Fist_13,80
./Datasets/Northwestern_Hand_Gesture/slices/xy/10/10_Index_13,60
./Datasets/Northwestern_Hand_Gesture/slices/xy/10/10_SideIndex_07,39
./Datasets/Northwestern_Hand_Gesture/slices/xy/10/10_Hand_05,38
./Datasets/Northwestern_Hand_Gesture/slices/xy/10/10_SideHand_03,53
./Datasets/Northwestern_Hand_Gesture/slices/xy/10/10_SideHand_13,83
./Datasets/Northwestern_Hand_Gesture/slices/xy/10/10_Hand_12,77
./Datasets/Northwestern_Hand_Gesture/slices/xy/10/10_Hold_06,75
./Datasets/Northwestern_Hand_Gesture/slices/xy/10/10_Thumb_12,109
./Datasets/Northwestern_Hand_Gesture/slices/xy/10/10_Index_12,85
./Datasets/Northwestern_Hand_Gesture/slices/xy/10/10_SideHand_09,86
./Datasets/Northwestern_Hand_Gesture/slices/xy/10/10_Hand_11,51
./Datasets/Northwestern_Hand_Gesture/slices/xy/10/10_Hold_11,57
./Datasets/Northwestern_Hand_Gesture/slices/xy/10/10_Index_07,26
./Datasets/Northwestern_Hand_Gesture/slices/xy/10/10_SideHand_12,55
./Datasets/Northwestern_Hand_Gesture/slices/xy/10/10_Hand_03,46
./Datasets/Northwestern_Hand_Gesture/slices/xy/10/10_SideIndex_05,42
./Datasets/Northwestern_Hand_Gesture/slices/xy/10/10_Thumb_05,31
./Datasets/Northwestern_Hand_Gesture/slices/xy/10/10_SideIndex_06,93
./Datasets/Northwestern_Hand_Gesture/slices/xy/10/10_SideIndex_03,50
./Datasets/Northwestern_Hand_Gesture/slices/xy/10/10_SideHand_06,76
./Datasets/Northwestern_Hand_Gesture/slices/xy/10/10_Hold_03,43
./Datasets/Northwestern_Hand_Gesture/slices/xy/10/10_Hand_06,80
./Datasets/Northwestern_Hand_Gesture/slices/xy/10/10_Thumb_09,107
./Datasets/Northwestern_Hand_Gesture/slices/xy/10/10_Index_06,79
./Datasets/Northwestern_Hand_Gesture/slices/xy/10/10_Hold_09,49
./Datasets/Northwestern_Hand_Gesture/slices/xy/10/10_SideHand_07,35
./Datasets/Northwestern_Hand_Gesture/slices/xy/10/10_Hold_12,78
./Datasets/Northwestern_Hand_Gesture/slices/xy/10/10_SideIndex_09,62
./Datasets/Northwestern_Hand_Gesture/slices/xy/10/10_Index_03,62
./Datasets/Northwestern_Hand_Gesture/slices/xy/10/10_Fist_03,51
./Datasets/Northwestern_Hand_Gesture/slices/xy/10/10_Index_11,49
./Datasets/Northwestern_Hand_Gesture/slices/xy/10/10_SideIndex_12,63
./Datasets/Northwestern_Hand_Gesture/slices/xy/10/10_Hand_09,92
./Datasets/Northwestern_Hand_Gesture/slices/xy/10/10_Hold_05,33
./Datasets/Northwestern_Hand_Gesture/slices/xy/10/10_SideHand_05,41
./Datasets/Northwestern_Hand_Gesture/slices/xy/10/10_Fist_12,65
./Datasets/Northwestern_Hand_Gesture/slices/xy/10/10_Hold_13,70
./Datasets/Northwestern_Hand_Gesture/slices/xy/10/10_Hand_07,30
./Datasets/Northwestern_Hand_Gesture/slices/xy/10/10_Fist_09,53
./Datasets/Northwestern_Hand_Gesture/slices/xy/10/10_SideHand_11,59
./Datasets/Northwestern_Hand_Gesture/slices/xy/10/10_Index_09,86
./Datasets/Northwestern_Hand_Gesture/slices/xy/10/10_Hold_07,32
./Datasets/Northwestern_Hand_Gesture/slices/xy/06/06_Index_07,22
./Datasets/Northwestern_Hand_Gesture/slices/xy/06/06_SideHand_05,38
./Datasets/Northwestern_Hand_Gesture/slices/xy/06/06_SideIndex_06,64
./Datasets/Northwestern_Hand_Gesture/slices/xy/06/06_Hand_03,57
./Datasets/Northwestern_Hand_Gesture/slices/xy/06/06_Hand_05,34
./Datasets/Northwestern_Hand_Gesture/slices/xy/06/06_Index_03,39
./Datasets/Northwestern_Hand_Gesture/slices/xy/06/06_Index_11,43
./Datasets/Northwestern_Hand_Gesture/slices/xy/06/06_Index_12,64
./Datasets/Northwestern_Hand_Gesture/slices/xy/06/06_Thumb_09,54
./Datasets/Northwestern_Hand_Gesture/slices/xy/06/06_Hold_03,30
./Datasets/Northwestern_Hand_Gesture/slices/xy/06/06_Hand_07,19
./Datasets/Northwestern_Hand_Gesture/slices/xy/06/06_Fist_09,30
./Datasets/Northwestern_Hand_Gesture/slices/xy/06/06_SideHand_07,17
./Datasets/Northwestern_Hand_Gesture/slices/xy/06/06_Index_13,50
./Datasets/Northwestern_Hand_Gesture/slices/xy/06/06_Thumb_12,58
./Datasets/Northwestern_Hand_Gesture/slices/xy/06/06_SideIndex_09,40
./Datasets/Northwestern_Hand_Gesture/slices/xy/06/06_Hold_11,51
./Datasets/Northwestern_Hand_Gesture/slices/xy/06/06_Thumb_06,53
./Datasets/Northwestern_Hand_Gesture/slices/xy/06/06_Hold_12,52
./Datasets/Northwestern_Hand_Gesture/slices/xy/06/06_SideIndex_11,59
./Datasets/Northwestern_Hand_Gesture/slices/xy/06/06_Thumb_07,21
./Datasets/Northwestern_Hand_Gesture/slices/xy/06/06_Hand_06,54
./Datasets/Northwestern_Hand_Gesture/slices/xy/06/06_SideIndex_13,52
./Datasets/Northwestern_Hand_Gesture/slices/xy/06/06_Index_06,63
./Datasets/Northwestern_Hand_Gesture/slices/xy/06/06_Thumb_03,32
./Datasets/Northwestern_Hand_Gesture/slices/xy/06/06_Fist_06,52
./Datasets/Northwestern_Hand_Gesture/slices/xy/06/06_Hand_09,71
./Datasets/Northwestern_Hand_Gesture/slices/xy/06/06_Hold_07,30
./Datasets/Northwestern_Hand_Gesture/slices/xy/06/06_Hand_13,52
./Datasets/Northwestern_Hand_Gesture/slices/xy/06/06_Hold_06,75
./Datasets/Northwestern_Hand_Gesture/slices/xy/06/06_Thumb_13,46
./Datasets/Northwestern_Hand_Gesture/slices/xy/06/06_SideHand_06,53
./Datasets/Northwestern_Hand_Gesture/slices/xy/06/06_SideIndex_05,40
./Datasets/Northwestern_Hand_Gesture/slices/xy/06/06_Hand_12,55
./Datasets/Northwestern_Hand_Gesture/slices/xy/06/06_Fist_13,61
./Datasets/Northwestern_Hand_Gesture/slices/xy/06/06_Index_05,35
./Datasets/Northwestern_Hand_Gesture/slices/xy/06/06_SideHand_13,52
./Datasets/Northwestern_Hand_Gesture/slices/xy/06/06_Fist_05,33
./Datasets/Northwestern_Hand_Gesture/slices/xy/06/06_SideHand_11,37
./Datasets/Northwestern_Hand_Gesture/slices/xy/06/06_Fist_12,53
./Datasets/Northwestern_Hand_Gesture/slices/xy/06/06_Thumb_11,65
./Datasets/Northwestern_Hand_Gesture/slices/xy/06/06_Hold_09,43
./Datasets/Northwestern_Hand_Gesture/slices/xy/06/06_SideHand_12,43
./Datasets/Northwestern_Hand_Gesture/slices/xy/06/06_Fist_11,57
./Datasets/Northwestern_Hand_Gesture/slices/xy/06/06_Index_09,40
./Datasets/Northwestern_Hand_Gesture/slices/xy/06/06_SideIndex_12,47
./Datasets/Northwestern_Hand_Gesture/slices/xy/06/06_Fist_03,49
./Datasets/Northwestern_Hand_Gesture/slices/xy/06/06_SideIndex_03,31
./Datasets/Northwestern_Hand_Gesture/slices/xy/06/06_Hold_05,34
./Datasets/Northwestern_Hand_Gesture/slices/xy/06/06_SideIndex_07,17
./Datasets/Northwestern_Hand_Gesture/slices/xy/06/06_Hold_13,55
./Datasets/Northwestern_Hand_Gesture/slices/xy/06/06_Thumb_05,39
./Datasets/Northwestern_Hand_Gesture/slices/xy/06/06_Hand_11,57
./Datasets/Northwestern_Hand_Gesture/slices/xy/06/06_Fist_07,25
./Datasets/Northwestern_Hand_Gesture/slices/xy/06/06_SideHand_09,63
./Datasets/Northwestern_Hand_Gesture/slices/xy/06/06_SideHand_03,33
./Datasets/Northwestern_Hand_Gesture/slices/xy/07/07_Index_11,62
./Datasets/Northwestern_Hand_Gesture/slices/xy/07/07_SideHand_09,68
./Datasets/Northwestern_Hand_Gesture/slices/xy/07/07_Fist_12,48
./Datasets/Northwestern_Hand_Gesture/slices/xy/07/07_Fist_11,67
./Datasets/Northwestern_Hand_Gesture/slices/xy/07/07_Hand_12,49
./Datasets/Northwestern_Hand_Gesture/slices/xy/07/07_Thumb_11,61
./Datasets/Northwestern_Hand_Gesture/slices/xy/07/07_Hold_06,68
./Datasets/Northwestern_Hand_Gesture/slices/xy/07/07_SideIndex_12,40
./Datasets/Northwestern_Hand_Gesture/slices/xy/07/07_Index_09,60
./Datasets/Northwestern_Hand_Gesture/slices/xy/07/07_SideIndex_06,74
./Datasets/Northwestern_Hand_Gesture/slices/xy/07/07_Fist_06,65
./Datasets/Northwestern_Hand_Gesture/slices/xy/07/07_Hold_07,34
./Datasets/Northwestern_Hand_Gesture/slices/xy/07/07_Hand_09,95
./Datasets/Northwestern_Hand_Gesture/slices/xy/07/07_Hand_13,51
./Datasets/Northwestern_Hand_Gesture/slices/xy/07/07_Thumb_06,87
./Datasets/Northwestern_Hand_Gesture/slices/xy/07/07_Index_03,33
./Datasets/Northwestern_Hand_Gesture/slices/xy/07/07_Thumb_05,41
./Datasets/Northwestern_Hand_Gesture/slices/xy/07/07_Index_07,26
./Datasets/Northwestern_Hand_Gesture/slices/xy/07/07_Thumb_13,72
./Datasets/Northwestern_Hand_Gesture/slices/xy/07/07_Fist_07,29
./Datasets/Northwestern_Hand_Gesture/slices/xy/07/07_Hand_03,55
./Datasets/Northwestern_Hand_Gesture/slices/xy/07/07_SideIndex_09,55
./Datasets/Northwestern_Hand_Gesture/slices/xy/07/07_SideIndex_07,35
./Datasets/Northwestern_Hand_Gesture/slices/xy/07/07_Index_12,58
./Datasets/Northwestern_Hand_Gesture/slices/xy/07/07_Index_05,38
./Datasets/Northwestern_Hand_Gesture/slices/xy/07/07_Hold_03,36
./Datasets/Northwestern_Hand_Gesture/slices/xy/07/07_Hold_13,67
./Datasets/Northwestern_Hand_Gesture/slices/xy/07/07_Hand_07,27
./Datasets/Northwestern_Hand_Gesture/slices/xy/07/07_Thumb_03,48
./Datasets/Northwestern_Hand_Gesture/slices/xy/07/07_Thumb_07,29
./Datasets/Northwestern_Hand_Gesture/slices/xy/07/07_Hold_09,57
./Datasets/Northwestern_Hand_Gesture/slices/xy/07/07_Fist_09,49
./Datasets/Northwestern_Hand_Gesture/slices/xy/07/07_Hand_05,31
./Datasets/Northwestern_Hand_Gesture/slices/xy/07/07_Fist_13,56
./Datasets/Northwestern_Hand_Gesture/slices/xy/07/07_Hand_06,71
./Datasets/Northwestern_Hand_Gesture/slices/xy/07/07_Hold_11,62
./Datasets/Northwestern_Hand_Gesture/slices/xy/07/07_Hold_12,51
./Datasets/Northwestern_Hand_Gesture/slices/xy/07/07_SideIndex_03,45
./Datasets/Northwestern_Hand_Gesture/slices/xy/07/07_SideHand_06,74
./Datasets/Northwestern_Hand_Gesture/slices/xy/07/07_Thumb_12,62
./Datasets/Northwestern_Hand_Gesture/slices/xy/07/07_Index_06,81
./Datasets/Northwestern_Hand_Gesture/slices/xy/07/07_Fist_05,29
./Datasets/Northwestern_Hand_Gesture/slices/xy/07/07_SideIndex_05,45
./Datasets/Northwestern_Hand_Gesture/slices/xy/07/07_Fist_03,45
./Datasets/Northwestern_Hand_Gesture/slices/xy/07/07_Hold_05,36
./Datasets/Northwestern_Hand_Gesture/slices/xy/07/07_SideHand_05,37
./Datasets/Northwestern_Hand_Gesture/slices/xy/07/07_SideHand_12,43
./Datasets/Northwestern_Hand_Gesture/slices/xy/07/07_SideHand_03,37
./Datasets/Northwestern_Hand_Gesture/slices/xy/07/07_Thumb_09,70
./Datasets/Northwestern_Hand_Gesture/slices/xy/07/07_SideHand_11,58
./Datasets/Northwestern_Hand_Gesture/slices/xy/07/07_SideIndex_13,65
./Datasets/Northwestern_Hand_Gesture/slices/xy/07/07_SideHand_07,40
./Datasets/Northwestern_Hand_Gesture/slices/xy/07/07_SideHand_13,57
./Datasets/Northwestern_Hand_Gesture/slices/xy/07/07_Index_13,60
./Datasets/Northwestern_Hand_Gesture/slices/xy/07/07_Hand_11,53
./Datasets/Northwestern_Hand_Gesture/slices/xy/07/07_SideIndex_11,59
./Datasets/Northwestern_Hand_Gesture/slices/xy/05/05_Hand_03,48
./Datasets/Northwestern_Hand_Gesture/slices/xy/05/05_Hold_06,74
./Datasets/Northwestern_Hand_Gesture/slices/xy/05/05_Fist_06,46
./Datasets/Northwestern_Hand_Gesture/slices/xy/05/05_Hand_11,50
./Datasets/Northwestern_Hand_Gesture/slices/xy/05/05_Fist_07,23
./Datasets/Northwestern_Hand_Gesture/slices/xy/05/05_SideHand_05,31
./Datasets/Northwestern_Hand_Gesture/slices/xy/05/05_SideIndex_11,50
./Datasets/Northwestern_Hand_Gesture/slices/xy/05/05_Hold_05,30
./Datasets/Northwestern_Hand_Gesture/slices/xy/05/05_Hand_07,20
./Datasets/Northwestern_Hand_Gesture/slices/xy/05/05_Index_05,42
./Datasets/Northwestern_Hand_Gesture/slices/xy/05/05_SideHand_11,50
./Datasets/Northwestern_Hand_Gesture/slices/xy/05/05_Hold_07,28
./Datasets/Northwestern_Hand_Gesture/slices/xy/05/05_Index_12,57
./Datasets/Northwestern_Hand_Gesture/slices/xy/05/05_Hand_13,42
./Datasets/Northwestern_Hand_Gesture/slices/xy/05/05_SideHand_09,34
./Datasets/Northwestern_Hand_Gesture/slices/xy/05/05_Thumb_09,45
./Datasets/Northwestern_Hand_Gesture/slices/xy/05/05_Hold_12,54
./Datasets/Northwestern_Hand_Gesture/slices/xy/05/05_Fist_11,58
./Datasets/Northwestern_Hand_Gesture/slices/xy/05/05_Hold_09,51
./Datasets/Northwestern_Hand_Gesture/slices/xy/05/05_Index_09,48
./Datasets/Northwestern_Hand_Gesture/slices/xy/05/05_SideHand_06,65
./Datasets/Northwestern_Hand_Gesture/slices/xy/05/05_SideIndex_09,40
./Datasets/Northwestern_Hand_Gesture/slices/xy/05/05_Index_11,35
./Datasets/Northwestern_Hand_Gesture/slices/xy/05/05_Hold_11,61
./Datasets/Northwestern_Hand_Gesture/slices/xy/05/05_Thumb_06,69
./Datasets/Northwestern_Hand_Gesture/slices/xy/05/05_Fist_09,38
./Datasets/Northwestern_Hand_Gesture/slices/xy/05/05_SideIndex_03,26
./Datasets/Northwestern_Hand_Gesture/slices/xy/05/05_Index_13,43
./Datasets/Northwestern_Hand_Gesture/slices/xy/05/05_Thumb_11,57
./Datasets/Northwestern_Hand_Gesture/slices/xy/05/05_Hand_12,56
./Datasets/Northwestern_Hand_Gesture/slices/xy/05/05_Fist_12,49
./Datasets/Northwestern_Hand_Gesture/slices/xy/05/05_Thumb_03,33
./Datasets/Northwestern_Hand_Gesture/slices/xy/05/05_Index_03,34
./Datasets/Northwestern_Hand_Gesture/slices/xy/05/05_Fist_05,35
./Datasets/Northwestern_Hand_Gesture/slices/xy/05/05_SideHand_03,46
./Datasets/Northwestern_Hand_Gesture/slices/xy/05/05_Fist_13,59
./Datasets/Northwestern_Hand_Gesture/slices/xy/05/05_SideIndex_13,48
./Datasets/Northwestern_Hand_Gesture/slices/xy/05/05_SideHand_12,38
./Datasets/Northwestern_Hand_Gesture/slices/xy/05/05_SideIndex_05,35
./Datasets/Northwestern_Hand_Gesture/slices/xy/05/05_SideIndex_07,19
./Datasets/Northwestern_Hand_Gesture/slices/xy/05/05_Hold_13,58
./Datasets/Northwestern_Hand_Gesture/slices/xy/05/05_Thumb_07,20
./Datasets/Northwestern_Hand_Gesture/slices/xy/05/05_Fist_03,37
./Datasets/Northwestern_Hand_Gesture/slices/xy/05/05_SideHand_13,52
./Datasets/Northwestern_Hand_Gesture/slices/xy/05/05_SideIndex_06,57
./Datasets/Northwestern_Hand_Gesture/slices/xy/05/05_Index_06,71
./Datasets/Northwestern_Hand_Gesture/slices/xy/05/05_Hand_05,30
./Datasets/Northwestern_Hand_Gesture/slices/xy/05/05_Thumb_12,49
./Datasets/Northwestern_Hand_Gesture/slices/xy/05/05_Hand_09,69
./Datasets/Northwestern_Hand_Gesture/slices/xy/05/05_SideHand_07,17
./Datasets/Northwestern_Hand_Gesture/slices/xy/05/05_Thumb_05,30
./Datasets/Northwestern_Hand_Gesture/slices/xy/05/05_Hold_03,31
./Datasets/Northwestern_Hand_Gesture/slices/xy/05/05_Index_07,25
./Datasets/Northwestern_Hand_Gesture/slices/xy/05/05_SideIndex_12,40
./Datasets/Northwestern_Hand_Gesture/slices/xy/05/05_Hand_06,62
./Datasets/Northwestern_Hand_Gesture/slices/xy/05/05_Thumb_13,31
./Datasets/Northwestern_Hand_Gesture/slices/xy/02/02_Fist_05,22
./Datasets/Northwestern_Hand_Gesture/slices/xy/02/02_Hand_03,28
./Datasets/Northwestern_Hand_Gesture/slices/xy/02/02_Thumb_03,24
./Datasets/Northwestern_Hand_Gesture/slices/xy/02/02_SideIndex_05,25
./Datasets/Northwestern_Hand_Gesture/slices/xy/02/02_Hand_09,30
./Datasets/Northwestern_Hand_Gesture/slices/xy/02/02_SideHand_12,26
./Datasets/Northwestern_Hand_Gesture/slices/xy/02/02_Thumb_13,27
./Datasets/Northwestern_Hand_Gesture/slices/xy/02/02_SideHand_13,34
./Datasets/Northwestern_Hand_Gesture/slices/xy/02/02_Index_03,23
./Datasets/Northwestern_Hand_Gesture/slices/xy/02/02_SideIndex_12,24
./Datasets/Northwestern_Hand_Gesture/slices/xy/02/02_SideHand_05,24
./Datasets/Northwestern_Hand_Gesture/slices/xy/02/02_SideHand_11,31
./Datasets/Northwestern_Hand_Gesture/slices/xy/02/02_SideIndex_03,27
./Datasets/Northwestern_Hand_Gesture/slices/xy/02/02_Hold_09,22
./Datasets/Northwestern_Hand_Gesture/slices/xy/02/02_Hold_07,16
./Datasets/Northwestern_Hand_Gesture/slices/xy/02/02_Hand_11,19
./Datasets/Northwestern_Hand_Gesture/slices/xy/02/02_Index_06,37
./Datasets/Northwestern_Hand_Gesture/slices/xy/02/02_Fist_11,23
./Datasets/Northwestern_Hand_Gesture/slices/xy/02/02_SideIndex_09,24
./Datasets/Northwestern_Hand_Gesture/slices/xy/02/02_Hand_13,39
./Datasets/Northwestern_Hand_Gesture/slices/xy/02/02_Thumb_07,21
./Datasets/Northwestern_Hand_Gesture/slices/xy/02/02_Fist_06,26
./Datasets/Northwestern_Hand_Gesture/slices/xy/02/02_Index_07,20
./Datasets/Northwestern_Hand_Gesture/slices/xy/02/02_Thumb_05,21
./Datasets/Northwestern_Hand_Gesture/slices/xy/02/02_Index_05,22
./Datasets/Northwestern_Hand_Gesture/slices/xy/02/02_Thumb_06,41
./Datasets/Northwestern_Hand_Gesture/slices/xy/02/02_Fist_07,19
./Datasets/Northwestern_Hand_Gesture/slices/xy/02/02_SideIndex_07,14
./Datasets/Northwestern_Hand_Gesture/slices/xy/02/02_Hand_05,20
./Datasets/Northwestern_Hand_Gesture/slices/xy/02/02_Index_09,43
./Datasets/Northwestern_Hand_Gesture/slices/xy/02/02_Hand_06,35
./Datasets/Northwestern_Hand_Gesture/slices/xy/02/02_Index_13,36
./Datasets/Northwestern_Hand_Gesture/slices/xy/02/02_Thumb_09,30
./Datasets/Northwestern_Hand_Gesture/slices/xy/02/02_Hold_05,23
./Datasets/Northwestern_Hand_Gesture/slices/xy/02/02_Index_11,24
./Datasets/Northwestern_Hand_Gesture/slices/xy/02/02_Hold_13,24
./Datasets/Northwestern_Hand_Gesture/slices/xy/02/02_Fist_03,19
./Datasets/Northwestern_Hand_Gesture/slices/xy/02/02_SideIndex_13,31
./Datasets/Northwestern_Hand_Gesture/slices/xy/02/02_Thumb_11,23
./Datasets/Northwestern_Hand_Gesture/slices/xy/02/02_Hold_06,40
./Datasets/Northwestern_Hand_Gesture/slices/xy/02/02_SideHand_06,27
./Datasets/Northwestern_Hand_Gesture/slices/xy/02/02_SideHand_07,13
./Datasets/Northwestern_Hand_Gesture/slices/xy/02/02_Hand_12,31
./Datasets/Northwestern_Hand_Gesture/slices/xy/02/02_SideIndex_06,35
./Datasets/Northwestern_Hand_Gesture/slices/xy/02/02_SideIndex_11,23
./Datasets/Northwestern_Hand_Gesture/slices/xy/02/02_Hold_12,24
./Datasets/Northwestern_Hand_Gesture/slices/xy/02/02_Fist_09,15
./Datasets/Northwestern_Hand_Gesture/slices/xy/02/02_Index_12,35
./Datasets/Northwestern_Hand_Gesture/slices/xy/02/02_SideHand_09,24
./Datasets/Northwestern_Hand_Gesture/slices/xy/02/02_Hold_03,25
./Datasets/Northwestern_Hand_Gesture/slices/xy/02/02_Hand_07,17
./Datasets/Northwestern_Hand_Gesture/slices/xy/02/02_Fist_12,28
./Datasets/Northwestern_Hand_Gesture/slices/xy/02/02_SideHand_03,21
./Datasets/Northwestern_Hand_Gesture/slices/xy/02/02_Thumb_12,26
./Datasets/Northwestern_Hand_Gesture/slices/xy/02/02_Fist_13,37
./Datasets/Northwestern_Hand_Gesture/slices/xy/02/02_Hold_11,22
./Datasets/Northwestern_Hand_Gesture/slices/xy/04/04_SideIndex_07,17
./Datasets/Northwestern_Hand_Gesture/slices/xy/04/04_SideHand_07,19
./Datasets/Northwestern_Hand_Gesture/slices/xy/04/04_SideIndex_06,61
./Datasets/Northwestern_Hand_Gesture/slices/xy/04/04_Fist_13,39
./Datasets/Northwestern_Hand_Gesture/slices/xy/04/04_Thumb_07,23
./Datasets/Northwestern_Hand_Gesture/slices/xy/04/04_Index_03,24
./Datasets/Northwestern_Hand_Gesture/slices/xy/04/04_Hold_05,22
./Datasets/Northwestern_Hand_Gesture/slices/xy/04/04_Fist_06,36
./Datasets/Northwestern_Hand_Gesture/slices/xy/04/04_SideHand_06,37
./Datasets/Northwestern_Hand_Gesture/slices/xy/04/04_Index_13,27
./Datasets/Northwestern_Hand_Gesture/slices/xy/04/04_SideIndex_03,32
./Datasets/Northwestern_Hand_Gesture/slices/xy/04/04_Index_11,29
./Datasets/Northwestern_Hand_Gesture/slices/xy/04/04_Thumb_13,25
./Datasets/Northwestern_Hand_Gesture/slices/xy/04/04_Index_05,19
./Datasets/Northwestern_Hand_Gesture/slices/xy/04/04_SideHand_09,25
./Datasets/Northwestern_Hand_Gesture/slices/xy/04/04_Hold_07,16
./Datasets/Northwestern_Hand_Gesture/slices/xy/04/04_Thumb_05,12
./Datasets/Northwestern_Hand_Gesture/slices/xy/04/04_SideIndex_12,17
./Datasets/Northwestern_Hand_Gesture/slices/xy/04/04_Thumb_06,52
./Datasets/Northwestern_Hand_Gesture/slices/xy/04/04_Fist_05,38
./Datasets/Northwestern_Hand_Gesture/slices/xy/04/04_Thumb_03,22
./Datasets/Northwestern_Hand_Gesture/slices/xy/04/04_Hand_13,41
./Datasets/Northwestern_Hand_Gesture/slices/xy/04/04_Fist_11,38
./Datasets/Northwestern_Hand_Gesture/slices/xy/04/04_Hand_12,29
./Datasets/Northwestern_Hand_Gesture/slices/xy/04/04_Index_06,49
./Datasets/Northwestern_Hand_Gesture/slices/xy/04/04_SideHand_13,34
./Datasets/Northwestern_Hand_Gesture/slices/xy/04/04_Thumb_11,35
./Datasets/Northwestern_Hand_Gesture/slices/xy/04/04_Hold_03,31
./Datasets/Northwestern_Hand_Gesture/slices/xy/04/04_Hold_13,34
./Datasets/Northwestern_Hand_Gesture/slices/xy/04/04_Hand_06,40
./Datasets/Northwestern_Hand_Gesture/slices/xy/04/04_Index_12,33
./Datasets/Northwestern_Hand_Gesture/slices/xy/04/04_Hand_07,18
./Datasets/Northwestern_Hand_Gesture/slices/xy/04/04_SideIndex_09,22
./Datasets/Northwestern_Hand_Gesture/slices/xy/04/04_Index_07,19
./Datasets/Northwestern_Hand_Gesture/slices/xy/04/04_Hold_06,44
./Datasets/Northwestern_Hand_Gesture/slices/xy/04/04_Fist_07,21
./Datasets/Northwestern_Hand_Gesture/slices/xy/04/04_Thumb_12,24
./Datasets/Northwestern_Hand_Gesture/slices/xy/04/04_Hold_09,20
./Datasets/Northwestern_Hand_Gesture/slices/xy/04/04_Fist_09,21
./Datasets/Northwestern_Hand_Gesture/slices/xy/04/04_SideHand_03,31
./Datasets/Northwestern_Hand_Gesture/slices/xy/04/04_SideHand_11,41
./Datasets/Northwestern_Hand_Gesture/slices/xy/04/04_SideHand_05,25
./Datasets/Northwestern_Hand_Gesture/slices/xy/04/04_SideHand_12,21
./Datasets/Northwestern_Hand_Gesture/slices/xy/04/04_Hold_12,25
./Datasets/Northwestern_Hand_Gesture/slices/xy/04/04_Thumb_09,33
./Datasets/Northwestern_Hand_Gesture/slices/xy/04/04_Hand_11,32
./Datasets/Northwestern_Hand_Gesture/slices/xy/04/04_SideIndex_11,39
./Datasets/Northwestern_Hand_Gesture/slices/xy/04/04_Fist_03,25
./Datasets/Northwestern_Hand_Gesture/slices/xy/04/04_Hand_03,33
./Datasets/Northwestern_Hand_Gesture/slices/xy/04/04_Hand_09,48
./Datasets/Northwestern_Hand_Gesture/slices/xy/04/04_SideIndex_05,15
./Datasets/Northwestern_Hand_Gesture/slices/xy/04/04_Fist_12,23
./Datasets/Northwestern_Hand_Gesture/slices/xy/04/04_Index_09,18
./Datasets/Northwestern_Hand_Gesture/slices/xy/04/04_SideIndex_13,34
./Datasets/Northwestern_Hand_Gesture/slices/xy/04/04_Hold_11,28
./Datasets/Northwestern_Hand_Gesture/slices/xy/04/04_Hand_05,27
./Datasets/Northwestern_Hand_Gesture/slices/xy/01/01_Hand_06,35
./Datasets/Northwestern_Hand_Gesture/slices/xy/01/01_Fist_07,17
./Datasets/Northwestern_Hand_Gesture/slices/xy/01/01_Index_11,15
./Datasets/Northwestern_Hand_Gesture/slices/xy/01/01_Thumb_13,26
./Datasets/Northwestern_Hand_Gesture/slices/xy/01/01_SideIndex_13,31
./Datasets/Northwestern_Hand_Gesture/slices/xy/01/01_SideIndex_06,28
./Datasets/Northwestern_Hand_Gesture/slices/xy/01/01_Hand_12,32
./Datasets/Northwestern_Hand_Gesture/slices/xy/01/01_Thumb_12,15
./Datasets/Northwestern_Hand_Gesture/slices/xy/01/01_Index_06,31
./Datasets/Northwestern_Hand_Gesture/slices/xy/01/01_SideHand_07,15
./Datasets/Northwestern_Hand_Gesture/slices/xy/01/01_SideHand_11,24
./Datasets/Northwestern_Hand_Gesture/slices/xy/01/01_Fist_06,29
./Datasets/Northwestern_Hand_Gesture/slices/xy/01/01_Fist_13,35
./Datasets/Northwestern_Hand_Gesture/slices/xy/01/01_Hold_09,22
./Datasets/Northwestern_Hand_Gesture/slices/xy/01/01_Hand_07,10
./Datasets/Northwestern_Hand_Gesture/slices/xy/01/01_Hold_12,20
./Datasets/Northwestern_Hand_Gesture/slices/xy/01/01_Index_13,34
./Datasets/Northwestern_Hand_Gesture/slices/xy/01/01_Index_03,23
./Datasets/Northwestern_Hand_Gesture/slices/xy/01/01_SideHand_12,16
./Datasets/Northwestern_Hand_Gesture/slices/xy/01/01_Thumb_11,19
./Datasets/Northwestern_Hand_Gesture/slices/xy/01/01_Hold_03,26
./Datasets/Northwestern_Hand_Gesture/slices/xy/01/01_Hold_07,12
./Datasets/Northwestern_Hand_Gesture/slices/xy/01/01_Hold_05,21
./Datasets/Northwestern_Hand_Gesture/slices/xy/01/01_Fist_09,20
./Datasets/Northwestern_Hand_Gesture/slices/xy/01/01_Index_05,19
./Datasets/Northwestern_Hand_Gesture/slices/xy/01/01_Hand_11,17
./Datasets/Northwestern_Hand_Gesture/slices/xy/01/01_SideIndex_12,19
./Datasets/Northwestern_Hand_Gesture/slices/xy/01/01_SideIndex_03,20
./Datasets/Northwestern_Hand_Gesture/slices/xy/01/01_Hold_11,22
./Datasets/Northwestern_Hand_Gesture/slices/xy/01/01_SideHand_05,20
./Datasets/Northwestern_Hand_Gesture/slices/xy/01/01_Hand_13,37
./Datasets/Northwestern_Hand_Gesture/slices/xy/01/01_Hand_03,33
./Datasets/Northwestern_Hand_Gesture/slices/xy/01/01_Index_07,13
./Datasets/Northwestern_Hand_Gesture/slices/xy/01/01_Hand_09,26
./Datasets/Northwestern_Hand_Gesture/slices/xy/01/01_Thumb_07,23
./Datasets/Northwestern_Hand_Gesture/slices/xy/01/01_Hold_13,36
./Datasets/Northwestern_Hand_Gesture/slices/xy/01/01_Thumb_03,24
./Datasets/Northwestern_Hand_Gesture/slices/xy/01/01_Thumb_09,31
./Datasets/Northwestern_Hand_Gesture/slices/xy/01/01_SideHand_06,22
./Datasets/Northwestern_Hand_Gesture/slices/xy/01/01_Fist_05,22
./Datasets/Northwestern_Hand_Gesture/slices/xy/01/01_SideHand_13,28
./Datasets/Northwestern_Hand_Gesture/slices/xy/01/01_Hold_06,43
./Datasets/Northwestern_Hand_Gesture/slices/xy/01/01_Fist_12,24
./Datasets/Northwestern_Hand_Gesture/slices/xy/01/01_SideIndex_05,18
./Datasets/Northwestern_Hand_Gesture/slices/xy/01/01_Thumb_05,20
./Datasets/Northwestern_Hand_Gesture/slices/xy/01/01_Index_09,37
./Datasets/Northwestern_Hand_Gesture/slices/xy/01/01_SideHand_09,21
./Datasets/Northwestern_Hand_Gesture/slices/xy/01/01_SideIndex_11,18
./Datasets/Northwestern_Hand_Gesture/slices/xy/01/01_Fist_11,18
./Datasets/Northwestern_Hand_Gesture/slices/xy/01/01_SideIndex_07,11
./Datasets/Northwestern_Hand_Gesture/slices/xy/01/01_Index_12,33
./Datasets/Northwestern_Hand_Gesture/slices/xy/01/01_Thumb_06,51
./Datasets/Northwestern_Hand_Gesture/slices/xy/01/01_Fist_03,21
./Datasets/Northwestern_Hand_Gesture/slices/xy/01/01_Hand_05,17
./Datasets/Northwestern_Hand_Gesture/slices/xy/01/01_SideIndex_09,24
./Datasets/Northwestern_Hand_Gesture/slices/xy/01/01_SideHand_03,20
./Datasets/Northwestern_Hand_Gesture/slices/xy/08/08_SideHand_12,49
./Datasets/Northwestern_Hand_Gesture/slices/xy/08/08_Fist_03,60
./Datasets/Northwestern_Hand_Gesture/slices/xy/08/08_SideHand_07,38
./Datasets/Northwestern_Hand_Gesture/slices/xy/08/08_SideHand_05,36
./Datasets/Northwestern_Hand_Gesture/slices/xy/08/08_Fist_07,34
./Datasets/Northwestern_Hand_Gesture/slices/xy/08/08_SideIndex_06,71
./Datasets/Northwestern_Hand_Gesture/slices/xy/08/08_SideHand_09,52
./Datasets/Northwestern_Hand_Gesture/slices/xy/08/08_Hold_05,45
./Datasets/Northwestern_Hand_Gesture/slices/xy/08/08_Thumb_05,42
./Datasets/Northwestern_Hand_Gesture/slices/xy/08/08_Hold_12,61
./Datasets/Northwestern_Hand_Gesture/slices/xy/08/08_Index_13,62
./Datasets/Northwestern_Hand_Gesture/slices/xy/08/08_SideIndex_03,55
./Datasets/Northwestern_Hand_Gesture/slices/xy/08/08_SideHand_13,55
./Datasets/Northwestern_Hand_Gesture/slices/xy/08/08_Fist_09,49
./Datasets/Northwestern_Hand_Gesture/slices/xy/08/08_SideIndex_12,44
./Datasets/Northwestern_Hand_Gesture/slices/xy/08/08_Hand_03,59
./Datasets/Northwestern_Hand_Gesture/slices/xy/08/08_Hold_03,45
./Datasets/Northwestern_Hand_Gesture/slices/xy/08/08_SideIndex_09,53
./Datasets/Northwestern_Hand_Gesture/slices/xy/08/08_Fist_13,54
./Datasets/Northwestern_Hand_Gesture/slices/xy/08/08_SideHand_06,66
./Datasets/Northwestern_Hand_Gesture/slices/xy/08/08_Hand_13,60
./Datasets/Northwestern_Hand_Gesture/slices/xy/08/08_Hand_05,41
./Datasets/Northwestern_Hand_Gesture/slices/xy/08/08_Thumb_06,66
./Datasets/Northwestern_Hand_Gesture/slices/xy/08/08_Index_09,69
./Datasets/Northwestern_Hand_Gesture/slices/xy/08/08_Index_05,36
./Datasets/Northwestern_Hand_Gesture/slices/xy/08/08_Hand_09,59
./Datasets/Northwestern_Hand_Gesture/slices/xy/08/08_SideHand_03,39
./Datasets/Northwestern_Hand_Gesture/slices/xy/08/08_Index_06,70
./Datasets/Northwestern_Hand_Gesture/slices/xy/08/08_Fist_06,64
./Datasets/Northwestern_Hand_Gesture/slices/xy/08/08_Hold_06,51
./Datasets/Northwestern_Hand_Gesture/slices/xy/08/08_Index_11,74
./Datasets/Northwestern_Hand_Gesture/slices/xy/08/08_Hold_13,64
./Datasets/Northwestern_Hand_Gesture/slices/xy/08/08_Thumb_13,70
./Datasets/Northwestern_Hand_Gesture/slices/xy/08/08_Thumb_07,34
./Datasets/Northwestern_Hand_Gesture/slices/xy/08/08_Thumb_12,68
./Datasets/Northwestern_Hand_Gesture/slices/xy/08/08_Hand_06,76
./Datasets/Northwestern_Hand_Gesture/slices/xy/08/08_Hold_09,53
./Datasets/Northwestern_Hand_Gesture/slices/xy/08/08_SideIndex_11,63
./Datasets/Northwestern_Hand_Gesture/slices/xy/08/08_Thumb_11,76
./Datasets/Northwestern_Hand_Gesture/slices/xy/08/08_SideHand_11,67
./Datasets/Northwestern_Hand_Gesture/slices/xy/08/08_Thumb_03,43
./Datasets/Northwestern_Hand_Gesture/slices/xy/08/08_Fist_12,48
./Datasets/Northwestern_Hand_Gesture/slices/xy/08/08_Index_07,25
./Datasets/Northwestern_Hand_Gesture/slices/xy/08/08_SideIndex_07,38
./Datasets/Northwestern_Hand_Gesture/slices/xy/08/08_Hand_12,59
./Datasets/Northwestern_Hand_Gesture/slices/xy/08/08_Hold_07,30
./Datasets/Northwestern_Hand_Gesture/slices/xy/08/08_Hold_11,68
./Datasets/Northwestern_Hand_Gesture/slices/xy/08/08_Index_12,63
./Datasets/Northwestern_Hand_Gesture/slices/xy/08/08_SideIndex_13,64
./Datasets/Northwestern_Hand_Gesture/slices/xy/08/08_Thumb_09,92
./Datasets/Northwestern_Hand_Gesture/slices/xy/08/08_Index_03,38
./Datasets/Northwestern_Hand_Gesture/slices/xy/08/08_Fist_11,79
./Datasets/Northwestern_Hand_Gesture/slices/xy/08/08_Hand_07,27
./Datasets/Northwestern_Hand_Gesture/slices/xy/08/08_Hand_11,58
./Datasets/Northwestern_Hand_Gesture/slices/xy/08/08_SideIndex_05,45
./Datasets/Northwestern_Hand_Gesture/slices/xy/08/08_Fist_05,39
./Datasets/Northwestern_Hand_Gesture/slices/xy/09/09_Fist_12,59
./Datasets/Northwestern_Hand_Gesture/slices/xy/09/09_Hand_09,83
./Datasets/Northwestern_Hand_Gesture/slices/xy/09/09_SideIndex_05,56
./Datasets/Northwestern_Hand_Gesture/slices/xy/09/09_SideIndex_03,45
./Datasets/Northwestern_Hand_Gesture/slices/xy/09/09_Hold_07,28
./Datasets/Northwestern_Hand_Gesture/slices/xy/09/09_SideHand_07,32
./Datasets/Northwestern_Hand_Gesture/slices/xy/09/09_Thumb_05,44
./Datasets/Northwestern_Hand_Gesture/slices/xy/09/09_SideIndex_07,34
./Datasets/Northwestern_Hand_Gesture/slices/xy/09/09_SideHand_05,52
./Datasets/Northwestern_Hand_Gesture/slices/xy/09/09_Thumb_09,99
./Datasets/Northwestern_Hand_Gesture/slices/xy/09/09_Index_13,69
./Datasets/Northwestern_Hand_Gesture/slices/xy/09/09_Index_06,92
./Datasets/Northwestern_Hand_Gesture/slices/xy/09/09_SideIndex_06,75
./Datasets/Northwestern_Hand_Gesture/slices/xy/09/09_SideHand_13,80
./Datasets/Northwestern_Hand_Gesture/slices/xy/09/09_Fist_13,67
./Datasets/Northwestern_Hand_Gesture/slices/xy/09/09_Index_03,81
./Datasets/Northwestern_Hand_Gesture/slices/xy/09/09_SideHand_03,47
./Datasets/Northwestern_Hand_Gesture/slices/xy/09/09_SideIndex_12,54
./Datasets/Northwestern_Hand_Gesture/slices/xy/09/09_Hold_12,73
./Datasets/Northwestern_Hand_Gesture/slices/xy/09/09_Thumb_11,116
./Datasets/Northwestern_Hand_Gesture/slices/xy/09/09_Hand_07,33
./Datasets/Northwestern_Hand_Gesture/slices/xy/09/09_SideIndex_13,67
./Datasets/Northwestern_Hand_Gesture/slices/xy/09/09_SideHand_06,88
./Datasets/Northwestern_Hand_Gesture/slices/xy/09/09_Hand_13,79
./Datasets/Northwestern_Hand_Gesture/slices/xy/09/09_Fist_03,52
./Datasets/Northwestern_Hand_Gesture/slices/xy/09/09_Hold_06,82
./Datasets/Northwestern_Hand_Gesture/slices/xy/09/09_Thumb_12,94
./Datasets/Northwestern_Hand_Gesture/slices/xy/09/09_Index_11,72
./Datasets/Northwestern_Hand_Gesture/slices/xy/09/09_Hold_11,91
./Datasets/Northwestern_Hand_Gesture/slices/xy/09/09_Hold_05,51
./Datasets/Northwestern_Hand_Gesture/slices/xy/09/09_Index_12,82
./Datasets/Northwestern_Hand_Gesture/slices/xy/09/09_Hand_12,76
./Datasets/Northwestern_Hand_Gesture/slices/xy/09/09_Fist_11,88
./Datasets/Northwestern_Hand_Gesture/slices/xy/09/09_Index_05,50
./Datasets/Northwestern_Hand_Gesture/slices/xy/09/09_Index_07,23
./Datasets/Northwestern_Hand_Gesture/slices/xy/09/09_SideHand_11,76
./Datasets/Northwestern_Hand_Gesture/slices/xy/09/09_SideIndex_09,87
./Datasets/Northwestern_Hand_Gesture/slices/xy/09/09_Thumb_07,27
./Datasets/Northwestern_Hand_Gesture/slices/xy/09/09_Hand_11,85
./Datasets/Northwestern_Hand_Gesture/slices/xy/09/09_Thumb_06,97
./Datasets/Northwestern_Hand_Gesture/slices/xy/09/09_Fist_05,56
./Datasets/Northwestern_Hand_Gesture/slices/xy/09/09_Fist_09,65
./Datasets/Northwestern_Hand_Gesture/slices/xy/09/09_Fist_06,77
./Datasets/Northwestern_Hand_Gesture/slices/xy/09/09_SideHand_12,51
./Datasets/Northwestern_Hand_Gesture/slices/xy/09/09_Fist_07,32
./Datasets/Northwestern_Hand_Gesture/slices/xy/09/09_Thumb_03,44
./Datasets/Northwestern_Hand_Gesture/slices/xy/09/09_Hand_03,47
./Datasets/Northwestern_Hand_Gesture/slices/xy/09/09_SideHand_09,76
./Datasets/Northwestern_Hand_Gesture/slices/xy/09/09_Thumb_13,87
./Datasets/Northwestern_Hand_Gesture/slices/xy/09/09_Hold_09,81
./Datasets/Northwestern_Hand_Gesture/slices/xy/09/09_Hand_05,48
./Datasets/Northwestern_Hand_Gesture/slices/xy/09/09_Index_09,105
./Datasets/Northwestern_Hand_Gesture/slices/xy/09/09_Hold_13,65
./Datasets/Northwestern_Hand_Gesture/slices/xy/09/09_Hand_06,93
./Datasets/Northwestern_Hand_Gesture/slices/xy/09/09_Hold_03,46
./Datasets/Northwestern_Hand_Gesture/slices/xy/09/09_SideIndex_11,83
./Datasets/Northwestern_Hand_Gesture/slices/xy/03/03_Hand_13,33
./Datasets/Northwestern_Hand_Gesture/slices/xy/03/03_Thumb_13,33
./Datasets/Northwestern_Hand_Gesture/slices/xy/03/03_SideHand_11,31
./Datasets/Northwestern_Hand_Gesture/slices/xy/03/03_Thumb_07,22
./Datasets/Northwestern_Hand_Gesture/slices/xy/03/03_Index_11,39
./Datasets/Northwestern_Hand_Gesture/slices/xy/03/03_SideIndex_05,38
./Datasets/Northwestern_Hand_Gesture/slices/xy/03/03_SideHand_09,21
./Datasets/Northwestern_Hand_Gesture/slices/xy/03/03_Fist_09,18
./Datasets/Northwestern_Hand_Gesture/slices/xy/03/03_SideIndex_13,32
./Datasets/Northwestern_Hand_Gesture/slices/xy/03/03_Thumb_12,33
./Datasets/Northwestern_Hand_Gesture/slices/xy/03/03_Hold_09,18
./Datasets/Northwestern_Hand_Gesture/slices/xy/03/03_Hold_11,31
./Datasets/Northwestern_Hand_Gesture/slices/xy/03/03_Hold_12,22
./Datasets/Northwestern_Hand_Gesture/slices/xy/03/03_Fist_06,33
./Datasets/Northwestern_Hand_Gesture/slices/xy/03/03_SideHand_13,30
./Datasets/Northwestern_Hand_Gesture/slices/xy/03/03_Thumb_05,20
./Datasets/Northwestern_Hand_Gesture/slices/xy/03/03_SideIndex_09,21
./Datasets/Northwestern_Hand_Gesture/slices/xy/03/03_Fist_03,23
./Datasets/Northwestern_Hand_Gesture/slices/xy/03/03_SideHand_07,20
./Datasets/Northwestern_Hand_Gesture/slices/xy/03/03_SideHand_12,23
./Datasets/Northwestern_Hand_Gesture/slices/xy/03/03_Hand_06,34
./Datasets/Northwestern_Hand_Gesture/slices/xy/03/03_Index_03,22
./Datasets/Northwestern_Hand_Gesture/slices/xy/03/03_Index_06,41
./Datasets/Northwestern_Hand_Gesture/slices/xy/03/03_SideHand_06,60
./Datasets/Northwestern_Hand_Gesture/slices/xy/03/03_Fist_11,39
./Datasets/Northwestern_Hand_Gesture/slices/xy/03/03_SideIndex_03,20
./Datasets/Northwestern_Hand_Gesture/slices/xy/03/03_Hold_03,34
./Datasets/Northwestern_Hand_Gesture/slices/xy/03/03_SideIndex_12,25
./Datasets/Northwestern_Hand_Gesture/slices/xy/03/03_Index_07,21
./Datasets/Northwestern_Hand_Gesture/slices/xy/03/03_Hold_13,30
./Datasets/Northwestern_Hand_Gesture/slices/xy/03/03_Hand_09,35
./Datasets/Northwestern_Hand_Gesture/slices/xy/03/03_Fist_05,16
./Datasets/Northwestern_Hand_Gesture/slices/xy/03/03_Hand_11,44
./Datasets/Northwestern_Hand_Gesture/slices/xy/03/03_Hold_06,39
./Datasets/Northwestern_Hand_Gesture/slices/xy/03/03_Index_05,21
./Datasets/Northwestern_Hand_Gesture/slices/xy/03/03_Hold_07,19
./Datasets/Northwestern_Hand_Gesture/slices/xy/03/03_Hand_05,18
./Datasets/Northwestern_Hand_Gesture/slices/xy/03/03_Hand_03,36
./Datasets/Northwestern_Hand_Gesture/slices/xy/03/03_SideHand_05,21
./Datasets/Northwestern_Hand_Gesture/slices/xy/03/03_Index_12,43
./Datasets/Northwestern_Hand_Gesture/slices/xy/03/03_Hand_07,15
./Datasets/Northwestern_Hand_Gesture/slices/xy/03/03_Hold_05,19
./Datasets/Northwestern_Hand_Gesture/slices/xy/03/03_Thumb_06,36
./Datasets/Northwestern_Hand_Gesture/slices/xy/03/03_Index_09,14
./Datasets/Northwestern_Hand_Gesture/slices/xy/03/03_Thumb_09,29
./Datasets/Northwestern_Hand_Gesture/slices/xy/03/03_Fist_13,40
./Datasets/Northwestern_Hand_Gesture/slices/xy/03/03_Thumb_11,45
./Datasets/Northwestern_Hand_Gesture/slices/xy/03/03_Thumb_03,23
./Datasets/Northwestern_Hand_Gesture/slices/xy/03/03_SideHand_03,30
./Datasets/Northwestern_Hand_Gesture/slices/xy/03/03_SideIndex_06,43
./Datasets/Northwestern_Hand_Gesture/slices/xy/03/03_SideIndex_07,17
./Datasets/Northwestern_Hand_Gesture/slices/xy/03/03_Fist_12,23
./Datasets/Northwestern_Hand_Gesture/slices/xy/03/03_Index_13,32
./Datasets/Northwestern_Hand_Gesture/slices/xy/03/03_SideIndex_11,45
./Datasets/Northwestern_Hand_Gesture/slices/xy/03/03_Hand_12,31
./Datasets/Northwestern_Hand_Gesture/slices/xy/03/03_Fist_07,16
