/home/yhu/Datasets/Cambridge_Hand_Gesture/slices/xyc/7/Set1_7_0015,99
/home/yhu/Datasets/Cambridge_Hand_Gesture/slices/xyc/7/Set2_7_0018,69
/home/yhu/Datasets/Cambridge_Hand_Gesture/slices/xyc/7/Set4_7_0000,68
/home/yhu/Datasets/Cambridge_Hand_Gesture/slices/xyc/7/Set2_7_0015,60
/home/yhu/Datasets/Cambridge_Hand_Gesture/slices/xyc/7/Set1_7_0000,58
/home/yhu/Datasets/Cambridge_Hand_Gesture/slices/xyc/7/Set5_7_0010,86
/home/yhu/Datasets/Cambridge_Hand_Gesture/slices/xyc/7/Set1_7_0016,86
/home/yhu/Datasets/Cambridge_Hand_Gesture/slices/xyc/7/Set4_7_0013,87
/home/yhu/Datasets/Cambridge_Hand_Gesture/slices/xyc/7/Set1_7_0003,71
/home/yhu/Datasets/Cambridge_Hand_Gesture/slices/xyc/7/Set5_7_0001,57
/home/yhu/Datasets/Cambridge_Hand_Gesture/slices/xyc/7/Set5_7_0004,72
/home/yhu/Datasets/Cambridge_Hand_Gesture/slices/xyc/7/Set3_7_0018,91
/home/yhu/Datasets/Cambridge_Hand_Gesture/slices/xyc/7/Set1_7_0004,61
/home/yhu/Datasets/Cambridge_Hand_Gesture/slices/xyc/7/Set3_7_0003,64
/home/yhu/Datasets/Cambridge_Hand_Gesture/slices/xyc/7/Set3_7_0007,72
/home/yhu/Datasets/Cambridge_Hand_Gesture/slices/xyc/7/Set1_7_0002,61
/home/yhu/Datasets/Cambridge_Hand_Gesture/slices/xyc/7/Set1_7_0007,70
/home/yhu/Datasets/Cambridge_Hand_Gesture/slices/xyc/7/Set4_7_0016,77
/home/yhu/Datasets/Cambridge_Hand_Gesture/slices/xyc/7/Set4_7_0002,50
/home/yhu/Datasets/Cambridge_Hand_Gesture/slices/xyc/7/Set5_7_0009,63
/home/yhu/Datasets/Cambridge_Hand_Gesture/slices/xyc/7/Set2_7_0006,55
/home/yhu/Datasets/Cambridge_Hand_Gesture/slices/xyc/7/Set5_7_0003,87
/home/yhu/Datasets/Cambridge_Hand_Gesture/slices/xyc/7/Set3_7_0016,92
/home/yhu/Datasets/Cambridge_Hand_Gesture/slices/xyc/7/Set1_7_0014,82
/home/yhu/Datasets/Cambridge_Hand_Gesture/slices/xyc/7/Set4_7_0018,83
/home/yhu/Datasets/Cambridge_Hand_Gesture/slices/xyc/7/Set1_7_0001,72
/home/yhu/Datasets/Cambridge_Hand_Gesture/slices/xyc/7/Set2_7_0010,59
/home/yhu/Datasets/Cambridge_Hand_Gesture/slices/xyc/7/Set5_7_0015,84
/home/yhu/Datasets/Cambridge_Hand_Gesture/slices/xyc/7/Set1_7_0008,57
/home/yhu/Datasets/Cambridge_Hand_Gesture/slices/xyc/7/Set2_7_0017,67
/home/yhu/Datasets/Cambridge_Hand_Gesture/slices/xyc/7/Set4_7_0004,46
/home/yhu/Datasets/Cambridge_Hand_Gesture/slices/xyc/7/Set1_7_0005,61
/home/yhu/Datasets/Cambridge_Hand_Gesture/slices/xyc/7/Set5_7_0019,71
/home/yhu/Datasets/Cambridge_Hand_Gesture/slices/xyc/7/Set2_7_0009,71
/home/yhu/Datasets/Cambridge_Hand_Gesture/slices/xyc/7/Set1_7_0012,71
/home/yhu/Datasets/Cambridge_Hand_Gesture/slices/xyc/7/Set2_7_0019,90
/home/yhu/Datasets/Cambridge_Hand_Gesture/slices/xyc/7/Set2_7_0008,70
/home/yhu/Datasets/Cambridge_Hand_Gesture/slices/xyc/7/Set3_7_0014,106
/home/yhu/Datasets/Cambridge_Hand_Gesture/slices/xyc/7/Set5_7_0018,102
/home/yhu/Datasets/Cambridge_Hand_Gesture/slices/xyc/7/Set4_7_0001,56
/home/yhu/Datasets/Cambridge_Hand_Gesture/slices/xyc/7/Set3_7_0002,69
/home/yhu/Datasets/Cambridge_Hand_Gesture/slices/xyc/7/Set3_7_0009,70
/home/yhu/Datasets/Cambridge_Hand_Gesture/slices/xyc/7/Set4_7_0008,55
/home/yhu/Datasets/Cambridge_Hand_Gesture/slices/xyc/7/Set5_7_0007,70
/home/yhu/Datasets/Cambridge_Hand_Gesture/slices/xyc/7/Set1_7_0006,70
/home/yhu/Datasets/Cambridge_Hand_Gesture/slices/xyc/7/Set4_7_0017,98
/home/yhu/Datasets/Cambridge_Hand_Gesture/slices/xyc/7/Set1_7_0010,71
/home/yhu/Datasets/Cambridge_Hand_Gesture/slices/xyc/7/Set3_7_0015,80
/home/yhu/Datasets/Cambridge_Hand_Gesture/slices/xyc/7/Set4_7_0012,82
/home/yhu/Datasets/Cambridge_Hand_Gesture/slices/xyc/7/Set4_7_0009,77
/home/yhu/Datasets/Cambridge_Hand_Gesture/slices/xyc/7/Set3_7_0019,92
/home/yhu/Datasets/Cambridge_Hand_Gesture/slices/xyc/7/Set4_7_0011,90
/home/yhu/Datasets/Cambridge_Hand_Gesture/slices/xyc/7/Set3_7_0017,80
/home/yhu/Datasets/Cambridge_Hand_Gesture/slices/xyc/7/Set1_7_0018,87
/home/yhu/Datasets/Cambridge_Hand_Gesture/slices/xyc/7/Set4_7_0006,72
/home/yhu/Datasets/Cambridge_Hand_Gesture/slices/xyc/7/Set5_7_0000,66
/home/yhu/Datasets/Cambridge_Hand_Gesture/slices/xyc/7/Set3_7_0001,69
/home/yhu/Datasets/Cambridge_Hand_Gesture/slices/xyc/7/Set4_7_0019,77
/home/yhu/Datasets/Cambridge_Hand_Gesture/slices/xyc/7/Set3_7_0011,62
/home/yhu/Datasets/Cambridge_Hand_Gesture/slices/xyc/7/Set2_7_0001,86
/home/yhu/Datasets/Cambridge_Hand_Gesture/slices/xyc/7/Set5_7_0005,74
/home/yhu/Datasets/Cambridge_Hand_Gesture/slices/xyc/7/Set5_7_0012,100
/home/yhu/Datasets/Cambridge_Hand_Gesture/slices/xyc/7/Set2_7_0013,80
/home/yhu/Datasets/Cambridge_Hand_Gesture/slices/xyc/7/Set4_7_0007,78
/home/yhu/Datasets/Cambridge_Hand_Gesture/slices/xyc/7/Set5_7_0016,72
/home/yhu/Datasets/Cambridge_Hand_Gesture/slices/xyc/7/Set5_7_0006,75
/home/yhu/Datasets/Cambridge_Hand_Gesture/slices/xyc/7/Set3_7_0004,57
/home/yhu/Datasets/Cambridge_Hand_Gesture/slices/xyc/7/Set4_7_0014,83
/home/yhu/Datasets/Cambridge_Hand_Gesture/slices/xyc/7/Set2_7_0011,47
/home/yhu/Datasets/Cambridge_Hand_Gesture/slices/xyc/7/Set3_7_0005,66
/home/yhu/Datasets/Cambridge_Hand_Gesture/slices/xyc/7/Set2_7_0003,61
/home/yhu/Datasets/Cambridge_Hand_Gesture/slices/xyc/7/Set1_7_0011,65
/home/yhu/Datasets/Cambridge_Hand_Gesture/slices/xyc/7/Set5_7_0002,69
/home/yhu/Datasets/Cambridge_Hand_Gesture/slices/xyc/7/Set1_7_0017,106
/home/yhu/Datasets/Cambridge_Hand_Gesture/slices/xyc/7/Set3_7_0006,64
/home/yhu/Datasets/Cambridge_Hand_Gesture/slices/xyc/7/Set4_7_0003,63
/home/yhu/Datasets/Cambridge_Hand_Gesture/slices/xyc/7/Set2_7_0007,58
/home/yhu/Datasets/Cambridge_Hand_Gesture/slices/xyc/7/Set4_7_0015,87
/home/yhu/Datasets/Cambridge_Hand_Gesture/slices/xyc/7/Set4_7_0010,83
/home/yhu/Datasets/Cambridge_Hand_Gesture/slices/xyc/7/Set1_7_0019,109
/home/yhu/Datasets/Cambridge_Hand_Gesture/slices/xyc/7/Set5_7_0014,67
/home/yhu/Datasets/Cambridge_Hand_Gesture/slices/xyc/7/Set5_7_0011,84
/home/yhu/Datasets/Cambridge_Hand_Gesture/slices/xyc/7/Set2_7_0002,78
/home/yhu/Datasets/Cambridge_Hand_Gesture/slices/xyc/7/Set3_7_0000,66
/home/yhu/Datasets/Cambridge_Hand_Gesture/slices/xyc/7/Set5_7_0013,80
/home/yhu/Datasets/Cambridge_Hand_Gesture/slices/xyc/7/Set3_7_0012,86
/home/yhu/Datasets/Cambridge_Hand_Gesture/slices/xyc/7/Set5_7_0008,71
/home/yhu/Datasets/Cambridge_Hand_Gesture/slices/xyc/7/Set4_7_0005,77
/home/yhu/Datasets/Cambridge_Hand_Gesture/slices/xyc/7/Set2_7_0004,60
/home/yhu/Datasets/Cambridge_Hand_Gesture/slices/xyc/7/Set2_7_0014,72
/home/yhu/Datasets/Cambridge_Hand_Gesture/slices/xyc/7/Set2_7_0016,52
/home/yhu/Datasets/Cambridge_Hand_Gesture/slices/xyc/7/Set2_7_0012,71
/home/yhu/Datasets/Cambridge_Hand_Gesture/slices/xyc/7/Set2_7_0000,62
/home/yhu/Datasets/Cambridge_Hand_Gesture/slices/xyc/7/Set3_7_0010,73
/home/yhu/Datasets/Cambridge_Hand_Gesture/slices/xyc/7/Set1_7_0013,87
/home/yhu/Datasets/Cambridge_Hand_Gesture/slices/xyc/7/Set2_7_0005,54
/home/yhu/Datasets/Cambridge_Hand_Gesture/slices/xyc/7/Set3_7_0013,78
/home/yhu/Datasets/Cambridge_Hand_Gesture/slices/xyc/7/Set1_7_0009,73
/home/yhu/Datasets/Cambridge_Hand_Gesture/slices/xyc/7/Set5_7_0017,80
/home/yhu/Datasets/Cambridge_Hand_Gesture/slices/xyc/7/Set3_7_0008,62
/home/yhu/Datasets/Cambridge_Hand_Gesture/slices/xyc/5/Set5_5_0016,85
/home/yhu/Datasets/Cambridge_Hand_Gesture/slices/xyc/5/Set2_5_0000,73
/home/yhu/Datasets/Cambridge_Hand_Gesture/slices/xyc/5/Set5_5_0006,51
/home/yhu/Datasets/Cambridge_Hand_Gesture/slices/xyc/5/Set5_5_0019,91
/home/yhu/Datasets/Cambridge_Hand_Gesture/slices/xyc/5/Set5_5_0014,87
/home/yhu/Datasets/Cambridge_Hand_Gesture/slices/xyc/5/Set1_5_0004,69
/home/yhu/Datasets/Cambridge_Hand_Gesture/slices/xyc/5/Set1_5_0011,76
/home/yhu/Datasets/Cambridge_Hand_Gesture/slices/xyc/5/Set3_5_0006,61
/home/yhu/Datasets/Cambridge_Hand_Gesture/slices/xyc/5/Set3_5_0008,69
/home/yhu/Datasets/Cambridge_Hand_Gesture/slices/xyc/5/Set4_5_0019,50
/home/yhu/Datasets/Cambridge_Hand_Gesture/slices/xyc/5/Set2_5_0001,69
/home/yhu/Datasets/Cambridge_Hand_Gesture/slices/xyc/5/Set2_5_0009,83
/home/yhu/Datasets/Cambridge_Hand_Gesture/slices/xyc/5/Set3_5_0004,67
/home/yhu/Datasets/Cambridge_Hand_Gesture/slices/xyc/5/Set2_5_0014,66
/home/yhu/Datasets/Cambridge_Hand_Gesture/slices/xyc/5/Set1_5_0013,82
/home/yhu/Datasets/Cambridge_Hand_Gesture/slices/xyc/5/Set2_5_0004,72
/home/yhu/Datasets/Cambridge_Hand_Gesture/slices/xyc/5/Set4_5_0017,109
/home/yhu/Datasets/Cambridge_Hand_Gesture/slices/xyc/5/Set5_5_0000,65
/home/yhu/Datasets/Cambridge_Hand_Gesture/slices/xyc/5/Set4_5_0001,75
/home/yhu/Datasets/Cambridge_Hand_Gesture/slices/xyc/5/Set3_5_0009,67
/home/yhu/Datasets/Cambridge_Hand_Gesture/slices/xyc/5/Set2_5_0008,53
/home/yhu/Datasets/Cambridge_Hand_Gesture/slices/xyc/5/Set3_5_0003,78
/home/yhu/Datasets/Cambridge_Hand_Gesture/slices/xyc/5/Set4_5_0002,71
/home/yhu/Datasets/Cambridge_Hand_Gesture/slices/xyc/5/Set4_5_0015,86
/home/yhu/Datasets/Cambridge_Hand_Gesture/slices/xyc/5/Set3_5_0014,70
/home/yhu/Datasets/Cambridge_Hand_Gesture/slices/xyc/5/Set3_5_0007,66
/home/yhu/Datasets/Cambridge_Hand_Gesture/slices/xyc/5/Set5_5_0009,71
/home/yhu/Datasets/Cambridge_Hand_Gesture/slices/xyc/5/Set1_5_0002,60
/home/yhu/Datasets/Cambridge_Hand_Gesture/slices/xyc/5/Set2_5_0010,78
/home/yhu/Datasets/Cambridge_Hand_Gesture/slices/xyc/5/Set4_5_0013,93
/home/yhu/Datasets/Cambridge_Hand_Gesture/slices/xyc/5/Set1_5_0019,112
/home/yhu/Datasets/Cambridge_Hand_Gesture/slices/xyc/5/Set5_5_0002,70
/home/yhu/Datasets/Cambridge_Hand_Gesture/slices/xyc/5/Set5_5_0018,81
/home/yhu/Datasets/Cambridge_Hand_Gesture/slices/xyc/5/Set2_5_0002,60
/home/yhu/Datasets/Cambridge_Hand_Gesture/slices/xyc/5/Set3_5_0010,63
/home/yhu/Datasets/Cambridge_Hand_Gesture/slices/xyc/5/Set1_5_0016,105
/home/yhu/Datasets/Cambridge_Hand_Gesture/slices/xyc/5/Set3_5_0017,67
/home/yhu/Datasets/Cambridge_Hand_Gesture/slices/xyc/5/Set3_5_0019,67
/home/yhu/Datasets/Cambridge_Hand_Gesture/slices/xyc/5/Set4_5_0016,96
/home/yhu/Datasets/Cambridge_Hand_Gesture/slices/xyc/5/Set2_5_0017,80
/home/yhu/Datasets/Cambridge_Hand_Gesture/slices/xyc/5/Set1_5_0009,73
/home/yhu/Datasets/Cambridge_Hand_Gesture/slices/xyc/5/Set1_5_0005,72
/home/yhu/Datasets/Cambridge_Hand_Gesture/slices/xyc/5/Set2_5_0015,63
/home/yhu/Datasets/Cambridge_Hand_Gesture/slices/xyc/5/Set1_5_0000,61
/home/yhu/Datasets/Cambridge_Hand_Gesture/slices/xyc/5/Set3_5_0011,61
/home/yhu/Datasets/Cambridge_Hand_Gesture/slices/xyc/5/Set3_5_0012,72
/home/yhu/Datasets/Cambridge_Hand_Gesture/slices/xyc/5/Set4_5_0004,66
/home/yhu/Datasets/Cambridge_Hand_Gesture/slices/xyc/5/Set4_5_0008,59
/home/yhu/Datasets/Cambridge_Hand_Gesture/slices/xyc/5/Set4_5_0000,66
/home/yhu/Datasets/Cambridge_Hand_Gesture/slices/xyc/5/Set5_5_0004,53
/home/yhu/Datasets/Cambridge_Hand_Gesture/slices/xyc/5/Set1_5_0015,99
/home/yhu/Datasets/Cambridge_Hand_Gesture/slices/xyc/5/Set5_5_0013,88
/home/yhu/Datasets/Cambridge_Hand_Gesture/slices/xyc/5/Set3_5_0001,74
/home/yhu/Datasets/Cambridge_Hand_Gesture/slices/xyc/5/Set5_5_0017,95
/home/yhu/Datasets/Cambridge_Hand_Gesture/slices/xyc/5/Set1_5_0006,62
/home/yhu/Datasets/Cambridge_Hand_Gesture/slices/xyc/5/Set3_5_0002,68
/home/yhu/Datasets/Cambridge_Hand_Gesture/slices/xyc/5/Set4_5_0006,69
/home/yhu/Datasets/Cambridge_Hand_Gesture/slices/xyc/5/Set2_5_0016,64
/home/yhu/Datasets/Cambridge_Hand_Gesture/slices/xyc/5/Set2_5_0019,71
/home/yhu/Datasets/Cambridge_Hand_Gesture/slices/xyc/5/Set4_5_0010,92
/home/yhu/Datasets/Cambridge_Hand_Gesture/slices/xyc/5/Set2_5_0011,65
/home/yhu/Datasets/Cambridge_Hand_Gesture/slices/xyc/5/Set1_5_0012,84
/home/yhu/Datasets/Cambridge_Hand_Gesture/slices/xyc/5/Set1_5_0003,53
/home/yhu/Datasets/Cambridge_Hand_Gesture/slices/xyc/5/Set2_5_0003,61
/home/yhu/Datasets/Cambridge_Hand_Gesture/slices/xyc/5/Set5_5_0003,62
/home/yhu/Datasets/Cambridge_Hand_Gesture/slices/xyc/5/Set3_5_0018,65
/home/yhu/Datasets/Cambridge_Hand_Gesture/slices/xyc/5/Set4_5_0009,63
/home/yhu/Datasets/Cambridge_Hand_Gesture/slices/xyc/5/Set4_5_0014,85
/home/yhu/Datasets/Cambridge_Hand_Gesture/slices/xyc/5/Set2_5_0018,81
/home/yhu/Datasets/Cambridge_Hand_Gesture/slices/xyc/5/Set3_5_0000,66
/home/yhu/Datasets/Cambridge_Hand_Gesture/slices/xyc/5/Set5_5_0015,69
/home/yhu/Datasets/Cambridge_Hand_Gesture/slices/xyc/5/Set2_5_0007,77
/home/yhu/Datasets/Cambridge_Hand_Gesture/slices/xyc/5/Set1_5_0007,61
/home/yhu/Datasets/Cambridge_Hand_Gesture/slices/xyc/5/Set5_5_0012,92
/home/yhu/Datasets/Cambridge_Hand_Gesture/slices/xyc/5/Set1_5_0008,55
/home/yhu/Datasets/Cambridge_Hand_Gesture/slices/xyc/5/Set2_5_0006,60
/home/yhu/Datasets/Cambridge_Hand_Gesture/slices/xyc/5/Set1_5_0017,108
/home/yhu/Datasets/Cambridge_Hand_Gesture/slices/xyc/5/Set4_5_0012,82
/home/yhu/Datasets/Cambridge_Hand_Gesture/slices/xyc/5/Set4_5_0007,48
/home/yhu/Datasets/Cambridge_Hand_Gesture/slices/xyc/5/Set2_5_0013,86
/home/yhu/Datasets/Cambridge_Hand_Gesture/slices/xyc/5/Set5_5_0007,63
/home/yhu/Datasets/Cambridge_Hand_Gesture/slices/xyc/5/Set1_5_0010,74
/home/yhu/Datasets/Cambridge_Hand_Gesture/slices/xyc/5/Set5_5_0005,70
/home/yhu/Datasets/Cambridge_Hand_Gesture/slices/xyc/5/Set3_5_0005,73
/home/yhu/Datasets/Cambridge_Hand_Gesture/slices/xyc/5/Set3_5_0016,62
/home/yhu/Datasets/Cambridge_Hand_Gesture/slices/xyc/5/Set2_5_0012,67
/home/yhu/Datasets/Cambridge_Hand_Gesture/slices/xyc/5/Set2_5_0005,74
/home/yhu/Datasets/Cambridge_Hand_Gesture/slices/xyc/5/Set3_5_0013,84
/home/yhu/Datasets/Cambridge_Hand_Gesture/slices/xyc/5/Set4_5_0003,67
/home/yhu/Datasets/Cambridge_Hand_Gesture/slices/xyc/5/Set4_5_0005,53
/home/yhu/Datasets/Cambridge_Hand_Gesture/slices/xyc/5/Set5_5_0010,80
/home/yhu/Datasets/Cambridge_Hand_Gesture/slices/xyc/5/Set3_5_0015,78
/home/yhu/Datasets/Cambridge_Hand_Gesture/slices/xyc/5/Set4_5_0011,80
/home/yhu/Datasets/Cambridge_Hand_Gesture/slices/xyc/5/Set5_5_0008,63
/home/yhu/Datasets/Cambridge_Hand_Gesture/slices/xyc/5/Set1_5_0014,100
/home/yhu/Datasets/Cambridge_Hand_Gesture/slices/xyc/5/Set5_5_0001,71
/home/yhu/Datasets/Cambridge_Hand_Gesture/slices/xyc/5/Set1_5_0001,46
/home/yhu/Datasets/Cambridge_Hand_Gesture/slices/xyc/5/Set1_5_0018,108
/home/yhu/Datasets/Cambridge_Hand_Gesture/slices/xyc/5/Set5_5_0011,83
/home/yhu/Datasets/Cambridge_Hand_Gesture/slices/xyc/5/Set4_5_0018,90
/home/yhu/Datasets/Cambridge_Hand_Gesture/slices/xyc/4/Set1_4_0008,53
/home/yhu/Datasets/Cambridge_Hand_Gesture/slices/xyc/4/Set4_4_0017,79
/home/yhu/Datasets/Cambridge_Hand_Gesture/slices/xyc/4/Set3_4_0011,85
/home/yhu/Datasets/Cambridge_Hand_Gesture/slices/xyc/4/Set4_4_0009,83
/home/yhu/Datasets/Cambridge_Hand_Gesture/slices/xyc/4/Set4_4_0014,101
/home/yhu/Datasets/Cambridge_Hand_Gesture/slices/xyc/4/Set5_4_0012,99
/home/yhu/Datasets/Cambridge_Hand_Gesture/slices/xyc/4/Set1_4_0007,64
/home/yhu/Datasets/Cambridge_Hand_Gesture/slices/xyc/4/Set2_4_0011,76
/home/yhu/Datasets/Cambridge_Hand_Gesture/slices/xyc/4/Set4_4_0001,67
/home/yhu/Datasets/Cambridge_Hand_Gesture/slices/xyc/4/Set2_4_0007,71
/home/yhu/Datasets/Cambridge_Hand_Gesture/slices/xyc/4/Set3_4_0018,83
/home/yhu/Datasets/Cambridge_Hand_Gesture/slices/xyc/4/Set4_4_0007,60
/home/yhu/Datasets/Cambridge_Hand_Gesture/slices/xyc/4/Set5_4_0006,67
/home/yhu/Datasets/Cambridge_Hand_Gesture/slices/xyc/4/Set2_4_0015,66
/home/yhu/Datasets/Cambridge_Hand_Gesture/slices/xyc/4/Set4_4_0008,70
/home/yhu/Datasets/Cambridge_Hand_Gesture/slices/xyc/4/Set1_4_0013,84
/home/yhu/Datasets/Cambridge_Hand_Gesture/slices/xyc/4/Set5_4_0003,87
/home/yhu/Datasets/Cambridge_Hand_Gesture/slices/xyc/4/Set2_4_0004,57
/home/yhu/Datasets/Cambridge_Hand_Gesture/slices/xyc/4/Set5_4_0000,47
/home/yhu/Datasets/Cambridge_Hand_Gesture/slices/xyc/4/Set4_4_0011,79
/home/yhu/Datasets/Cambridge_Hand_Gesture/slices/xyc/4/Set5_4_0015,60
/home/yhu/Datasets/Cambridge_Hand_Gesture/slices/xyc/4/Set3_4_0012,83
/home/yhu/Datasets/Cambridge_Hand_Gesture/slices/xyc/4/Set5_4_0017,110
/home/yhu/Datasets/Cambridge_Hand_Gesture/slices/xyc/4/Set4_4_0015,102
/home/yhu/Datasets/Cambridge_Hand_Gesture/slices/xyc/4/Set4_4_0019,78
/home/yhu/Datasets/Cambridge_Hand_Gesture/slices/xyc/4/Set3_4_0016,98
/home/yhu/Datasets/Cambridge_Hand_Gesture/slices/xyc/4/Set4_4_0016,82
/home/yhu/Datasets/Cambridge_Hand_Gesture/slices/xyc/4/Set5_4_0010,87
/home/yhu/Datasets/Cambridge_Hand_Gesture/slices/xyc/4/Set3_4_0006,70
/home/yhu/Datasets/Cambridge_Hand_Gesture/slices/xyc/4/Set2_4_0017,105
/home/yhu/Datasets/Cambridge_Hand_Gesture/slices/xyc/4/Set1_4_0015,69
/home/yhu/Datasets/Cambridge_Hand_Gesture/slices/xyc/4/Set2_4_0001,88
/home/yhu/Datasets/Cambridge_Hand_Gesture/slices/xyc/4/Set5_4_0008,92
/home/yhu/Datasets/Cambridge_Hand_Gesture/slices/xyc/4/Set1_4_0005,68
/home/yhu/Datasets/Cambridge_Hand_Gesture/slices/xyc/4/Set2_4_0014,86
/home/yhu/Datasets/Cambridge_Hand_Gesture/slices/xyc/4/Set5_4_0018,87
/home/yhu/Datasets/Cambridge_Hand_Gesture/slices/xyc/4/Set5_4_0011,105
/home/yhu/Datasets/Cambridge_Hand_Gesture/slices/xyc/4/Set2_4_0018,89
/home/yhu/Datasets/Cambridge_Hand_Gesture/slices/xyc/4/Set2_4_0010,63
/home/yhu/Datasets/Cambridge_Hand_Gesture/slices/xyc/4/Set5_4_0007,84
/home/yhu/Datasets/Cambridge_Hand_Gesture/slices/xyc/4/Set1_4_0019,78
/home/yhu/Datasets/Cambridge_Hand_Gesture/slices/xyc/4/Set1_4_0009,72
/home/yhu/Datasets/Cambridge_Hand_Gesture/slices/xyc/4/Set4_4_0002,67
/home/yhu/Datasets/Cambridge_Hand_Gesture/slices/xyc/4/Set4_4_0003,55
/home/yhu/Datasets/Cambridge_Hand_Gesture/slices/xyc/4/Set3_4_0000,61
/home/yhu/Datasets/Cambridge_Hand_Gesture/slices/xyc/4/Set3_4_0015,72
/home/yhu/Datasets/Cambridge_Hand_Gesture/slices/xyc/4/Set1_4_0016,95
/home/yhu/Datasets/Cambridge_Hand_Gesture/slices/xyc/4/Set2_4_0002,60
/home/yhu/Datasets/Cambridge_Hand_Gesture/slices/xyc/4/Set3_4_0014,86
/home/yhu/Datasets/Cambridge_Hand_Gesture/slices/xyc/4/Set1_4_0012,104
/home/yhu/Datasets/Cambridge_Hand_Gesture/slices/xyc/4/Set1_4_0000,86
/home/yhu/Datasets/Cambridge_Hand_Gesture/slices/xyc/4/Set4_4_0006,54
/home/yhu/Datasets/Cambridge_Hand_Gesture/slices/xyc/4/Set2_4_0012,92
/home/yhu/Datasets/Cambridge_Hand_Gesture/slices/xyc/4/Set2_4_0009,63
/home/yhu/Datasets/Cambridge_Hand_Gesture/slices/xyc/4/Set5_4_0014,100
/home/yhu/Datasets/Cambridge_Hand_Gesture/slices/xyc/4/Set4_4_0010,65
/home/yhu/Datasets/Cambridge_Hand_Gesture/slices/xyc/4/Set1_4_0003,50
/home/yhu/Datasets/Cambridge_Hand_Gesture/slices/xyc/4/Set2_4_0019,91
/home/yhu/Datasets/Cambridge_Hand_Gesture/slices/xyc/4/Set1_4_0011,107
/home/yhu/Datasets/Cambridge_Hand_Gesture/slices/xyc/4/Set4_4_0018,55
/home/yhu/Datasets/Cambridge_Hand_Gesture/slices/xyc/4/Set3_4_0010,66
/home/yhu/Datasets/Cambridge_Hand_Gesture/slices/xyc/4/Set1_4_0002,84
/home/yhu/Datasets/Cambridge_Hand_Gesture/slices/xyc/4/Set5_4_0016,80
/home/yhu/Datasets/Cambridge_Hand_Gesture/slices/xyc/4/Set1_4_0006,72
/home/yhu/Datasets/Cambridge_Hand_Gesture/slices/xyc/4/Set2_4_0003,66
/home/yhu/Datasets/Cambridge_Hand_Gesture/slices/xyc/4/Set3_4_0004,67
/home/yhu/Datasets/Cambridge_Hand_Gesture/slices/xyc/4/Set3_4_0019,96
/home/yhu/Datasets/Cambridge_Hand_Gesture/slices/xyc/4/Set3_4_0005,60
/home/yhu/Datasets/Cambridge_Hand_Gesture/slices/xyc/4/Set5_4_0009,90
/home/yhu/Datasets/Cambridge_Hand_Gesture/slices/xyc/4/Set3_4_0008,93
/home/yhu/Datasets/Cambridge_Hand_Gesture/slices/xyc/4/Set5_4_0004,81
/home/yhu/Datasets/Cambridge_Hand_Gesture/slices/xyc/4/Set3_4_0003,78
/home/yhu/Datasets/Cambridge_Hand_Gesture/slices/xyc/4/Set2_4_0006,64
/home/yhu/Datasets/Cambridge_Hand_Gesture/slices/xyc/4/Set3_4_0007,53
/home/yhu/Datasets/Cambridge_Hand_Gesture/slices/xyc/4/Set5_4_0019,115
/home/yhu/Datasets/Cambridge_Hand_Gesture/slices/xyc/4/Set4_4_0013,74
/home/yhu/Datasets/Cambridge_Hand_Gesture/slices/xyc/4/Set3_4_0017,105
/home/yhu/Datasets/Cambridge_Hand_Gesture/slices/xyc/4/Set2_4_0016,95
/home/yhu/Datasets/Cambridge_Hand_Gesture/slices/xyc/4/Set2_4_0013,92
/home/yhu/Datasets/Cambridge_Hand_Gesture/slices/xyc/4/Set1_4_0004,75
/home/yhu/Datasets/Cambridge_Hand_Gesture/slices/xyc/4/Set4_4_0004,64
/home/yhu/Datasets/Cambridge_Hand_Gesture/slices/xyc/4/Set5_4_0001,80
/home/yhu/Datasets/Cambridge_Hand_Gesture/slices/xyc/4/Set2_4_0000,56
/home/yhu/Datasets/Cambridge_Hand_Gesture/slices/xyc/4/Set2_4_0008,57
/home/yhu/Datasets/Cambridge_Hand_Gesture/slices/xyc/4/Set1_4_0014,77
/home/yhu/Datasets/Cambridge_Hand_Gesture/slices/xyc/4/Set5_4_0005,78
/home/yhu/Datasets/Cambridge_Hand_Gesture/slices/xyc/4/Set2_4_0005,63
/home/yhu/Datasets/Cambridge_Hand_Gesture/slices/xyc/4/Set1_4_0017,86
/home/yhu/Datasets/Cambridge_Hand_Gesture/slices/xyc/4/Set3_4_0009,92
/home/yhu/Datasets/Cambridge_Hand_Gesture/slices/xyc/4/Set4_4_0012,74
/home/yhu/Datasets/Cambridge_Hand_Gesture/slices/xyc/4/Set1_4_0018,109
/home/yhu/Datasets/Cambridge_Hand_Gesture/slices/xyc/4/Set5_4_0013,74
/home/yhu/Datasets/Cambridge_Hand_Gesture/slices/xyc/4/Set3_4_0002,67
/home/yhu/Datasets/Cambridge_Hand_Gesture/slices/xyc/4/Set3_4_0001,74
/home/yhu/Datasets/Cambridge_Hand_Gesture/slices/xyc/4/Set4_4_0000,44
/home/yhu/Datasets/Cambridge_Hand_Gesture/slices/xyc/4/Set1_4_0010,82
/home/yhu/Datasets/Cambridge_Hand_Gesture/slices/xyc/4/Set1_4_0001,107
/home/yhu/Datasets/Cambridge_Hand_Gesture/slices/xyc/4/Set3_4_0013,110
/home/yhu/Datasets/Cambridge_Hand_Gesture/slices/xyc/4/Set4_4_0005,79
/home/yhu/Datasets/Cambridge_Hand_Gesture/slices/xyc/4/Set5_4_0002,83
/home/yhu/Datasets/Cambridge_Hand_Gesture/slices/xyc/3/Set1_3_0007,60
/home/yhu/Datasets/Cambridge_Hand_Gesture/slices/xyc/3/Set3_3_0013,84
/home/yhu/Datasets/Cambridge_Hand_Gesture/slices/xyc/3/Set2_3_0001,60
/home/yhu/Datasets/Cambridge_Hand_Gesture/slices/xyc/3/Set4_3_0000,65
/home/yhu/Datasets/Cambridge_Hand_Gesture/slices/xyc/3/Set1_3_0000,62
/home/yhu/Datasets/Cambridge_Hand_Gesture/slices/xyc/3/Set4_3_0003,67
/home/yhu/Datasets/Cambridge_Hand_Gesture/slices/xyc/3/Set2_3_0002,63
/home/yhu/Datasets/Cambridge_Hand_Gesture/slices/xyc/3/Set4_3_0013,55
/home/yhu/Datasets/Cambridge_Hand_Gesture/slices/xyc/3/Set2_3_0016,60
/home/yhu/Datasets/Cambridge_Hand_Gesture/slices/xyc/3/Set1_3_0002,78
/home/yhu/Datasets/Cambridge_Hand_Gesture/slices/xyc/3/Set2_3_0007,55
/home/yhu/Datasets/Cambridge_Hand_Gesture/slices/xyc/3/Set5_3_0008,64
/home/yhu/Datasets/Cambridge_Hand_Gesture/slices/xyc/3/Set4_3_0018,72
/home/yhu/Datasets/Cambridge_Hand_Gesture/slices/xyc/3/Set1_3_0010,77
/home/yhu/Datasets/Cambridge_Hand_Gesture/slices/xyc/3/Set4_3_0015,68
/home/yhu/Datasets/Cambridge_Hand_Gesture/slices/xyc/3/Set1_3_0019,77
/home/yhu/Datasets/Cambridge_Hand_Gesture/slices/xyc/3/Set5_3_0003,70
/home/yhu/Datasets/Cambridge_Hand_Gesture/slices/xyc/3/Set3_3_0016,82
/home/yhu/Datasets/Cambridge_Hand_Gesture/slices/xyc/3/Set2_3_0008,73
/home/yhu/Datasets/Cambridge_Hand_Gesture/slices/xyc/3/Set4_3_0011,56
/home/yhu/Datasets/Cambridge_Hand_Gesture/slices/xyc/3/Set3_3_0012,61
/home/yhu/Datasets/Cambridge_Hand_Gesture/slices/xyc/3/Set4_3_0016,72
/home/yhu/Datasets/Cambridge_Hand_Gesture/slices/xyc/3/Set2_3_0015,55
/home/yhu/Datasets/Cambridge_Hand_Gesture/slices/xyc/3/Set3_3_0007,81
/home/yhu/Datasets/Cambridge_Hand_Gesture/slices/xyc/3/Set5_3_0011,57
/home/yhu/Datasets/Cambridge_Hand_Gesture/slices/xyc/3/Set3_3_0014,83
/home/yhu/Datasets/Cambridge_Hand_Gesture/slices/xyc/3/Set5_3_0017,62
/home/yhu/Datasets/Cambridge_Hand_Gesture/slices/xyc/3/Set1_3_0005,76
/home/yhu/Datasets/Cambridge_Hand_Gesture/slices/xyc/3/Set1_3_0004,50
/home/yhu/Datasets/Cambridge_Hand_Gesture/slices/xyc/3/Set5_3_0018,70
/home/yhu/Datasets/Cambridge_Hand_Gesture/slices/xyc/3/Set5_3_0005,65
/home/yhu/Datasets/Cambridge_Hand_Gesture/slices/xyc/3/Set5_3_0007,71
/home/yhu/Datasets/Cambridge_Hand_Gesture/slices/xyc/3/Set1_3_0015,63
/home/yhu/Datasets/Cambridge_Hand_Gesture/slices/xyc/3/Set2_3_0003,57
/home/yhu/Datasets/Cambridge_Hand_Gesture/slices/xyc/3/Set1_3_0006,77
/home/yhu/Datasets/Cambridge_Hand_Gesture/slices/xyc/3/Set1_3_0011,70
/home/yhu/Datasets/Cambridge_Hand_Gesture/slices/xyc/3/Set2_3_0014,60
/home/yhu/Datasets/Cambridge_Hand_Gesture/slices/xyc/3/Set5_3_0001,66
/home/yhu/Datasets/Cambridge_Hand_Gesture/slices/xyc/3/Set2_3_0018,62
/home/yhu/Datasets/Cambridge_Hand_Gesture/slices/xyc/3/Set1_3_0001,55
/home/yhu/Datasets/Cambridge_Hand_Gesture/slices/xyc/3/Set2_3_0009,56
/home/yhu/Datasets/Cambridge_Hand_Gesture/slices/xyc/3/Set4_3_0009,75
/home/yhu/Datasets/Cambridge_Hand_Gesture/slices/xyc/3/Set5_3_0014,78
/home/yhu/Datasets/Cambridge_Hand_Gesture/slices/xyc/3/Set2_3_0004,55
/home/yhu/Datasets/Cambridge_Hand_Gesture/slices/xyc/3/Set4_3_0010,58
/home/yhu/Datasets/Cambridge_Hand_Gesture/slices/xyc/3/Set5_3_0013,55
/home/yhu/Datasets/Cambridge_Hand_Gesture/slices/xyc/3/Set1_3_0013,70
/home/yhu/Datasets/Cambridge_Hand_Gesture/slices/xyc/3/Set4_3_0017,69
/home/yhu/Datasets/Cambridge_Hand_Gesture/slices/xyc/3/Set2_3_0013,69
/home/yhu/Datasets/Cambridge_Hand_Gesture/slices/xyc/3/Set3_3_0015,86
/home/yhu/Datasets/Cambridge_Hand_Gesture/slices/xyc/3/Set3_3_0009,81
/home/yhu/Datasets/Cambridge_Hand_Gesture/slices/xyc/3/Set3_3_0008,75
/home/yhu/Datasets/Cambridge_Hand_Gesture/slices/xyc/3/Set4_3_0008,84
/home/yhu/Datasets/Cambridge_Hand_Gesture/slices/xyc/3/Set1_3_0003,80
/home/yhu/Datasets/Cambridge_Hand_Gesture/slices/xyc/3/Set2_3_0000,58
/home/yhu/Datasets/Cambridge_Hand_Gesture/slices/xyc/3/Set2_3_0017,55
/home/yhu/Datasets/Cambridge_Hand_Gesture/slices/xyc/3/Set2_3_0006,60
/home/yhu/Datasets/Cambridge_Hand_Gesture/slices/xyc/3/Set5_3_0016,68
/home/yhu/Datasets/Cambridge_Hand_Gesture/slices/xyc/3/Set1_3_0012,75
/home/yhu/Datasets/Cambridge_Hand_Gesture/slices/xyc/3/Set3_3_0019,71
/home/yhu/Datasets/Cambridge_Hand_Gesture/slices/xyc/3/Set3_3_0006,79
/home/yhu/Datasets/Cambridge_Hand_Gesture/slices/xyc/3/Set4_3_0002,62
/home/yhu/Datasets/Cambridge_Hand_Gesture/slices/xyc/3/Set2_3_0012,77
/home/yhu/Datasets/Cambridge_Hand_Gesture/slices/xyc/3/Set5_3_0015,61
/home/yhu/Datasets/Cambridge_Hand_Gesture/slices/xyc/3/Set3_3_0011,63
/home/yhu/Datasets/Cambridge_Hand_Gesture/slices/xyc/3/Set5_3_0012,66
/home/yhu/Datasets/Cambridge_Hand_Gesture/slices/xyc/3/Set4_3_0006,67
/home/yhu/Datasets/Cambridge_Hand_Gesture/slices/xyc/3/Set3_3_0002,57
/home/yhu/Datasets/Cambridge_Hand_Gesture/slices/xyc/3/Set4_3_0007,76
/home/yhu/Datasets/Cambridge_Hand_Gesture/slices/xyc/3/Set2_3_0005,61
/home/yhu/Datasets/Cambridge_Hand_Gesture/slices/xyc/3/Set1_3_0017,76
/home/yhu/Datasets/Cambridge_Hand_Gesture/slices/xyc/3/Set4_3_0019,68
/home/yhu/Datasets/Cambridge_Hand_Gesture/slices/xyc/3/Set5_3_0004,68
/home/yhu/Datasets/Cambridge_Hand_Gesture/slices/xyc/3/Set5_3_0000,60
/home/yhu/Datasets/Cambridge_Hand_Gesture/slices/xyc/3/Set5_3_0009,72
/home/yhu/Datasets/Cambridge_Hand_Gesture/slices/xyc/3/Set5_3_0006,60
/home/yhu/Datasets/Cambridge_Hand_Gesture/slices/xyc/3/Set3_3_0010,63
/home/yhu/Datasets/Cambridge_Hand_Gesture/slices/xyc/3/Set1_3_0009,63
/home/yhu/Datasets/Cambridge_Hand_Gesture/slices/xyc/3/Set5_3_0002,66
/home/yhu/Datasets/Cambridge_Hand_Gesture/slices/xyc/3/Set3_3_0018,56
/home/yhu/Datasets/Cambridge_Hand_Gesture/slices/xyc/3/Set2_3_0019,56
/home/yhu/Datasets/Cambridge_Hand_Gesture/slices/xyc/3/Set4_3_0012,69
/home/yhu/Datasets/Cambridge_Hand_Gesture/slices/xyc/3/Set3_3_0004,66
/home/yhu/Datasets/Cambridge_Hand_Gesture/slices/xyc/3/Set4_3_0004,66
/home/yhu/Datasets/Cambridge_Hand_Gesture/slices/xyc/3/Set3_3_0001,51
/home/yhu/Datasets/Cambridge_Hand_Gesture/slices/xyc/3/Set2_3_0010,67
/home/yhu/Datasets/Cambridge_Hand_Gesture/slices/xyc/3/Set2_3_0011,82
/home/yhu/Datasets/Cambridge_Hand_Gesture/slices/xyc/3/Set3_3_0005,67
/home/yhu/Datasets/Cambridge_Hand_Gesture/slices/xyc/3/Set4_3_0001,70
/home/yhu/Datasets/Cambridge_Hand_Gesture/slices/xyc/3/Set5_3_0019,69
/home/yhu/Datasets/Cambridge_Hand_Gesture/slices/xyc/3/Set1_3_0016,73
/home/yhu/Datasets/Cambridge_Hand_Gesture/slices/xyc/3/Set3_3_0017,71
/home/yhu/Datasets/Cambridge_Hand_Gesture/slices/xyc/3/Set3_3_0000,52
/home/yhu/Datasets/Cambridge_Hand_Gesture/slices/xyc/3/Set3_3_0003,59
/home/yhu/Datasets/Cambridge_Hand_Gesture/slices/xyc/3/Set1_3_0014,84
/home/yhu/Datasets/Cambridge_Hand_Gesture/slices/xyc/3/Set5_3_0010,55
/home/yhu/Datasets/Cambridge_Hand_Gesture/slices/xyc/3/Set4_3_0014,63
/home/yhu/Datasets/Cambridge_Hand_Gesture/slices/xyc/3/Set1_3_0008,68
/home/yhu/Datasets/Cambridge_Hand_Gesture/slices/xyc/3/Set1_3_0018,87
/home/yhu/Datasets/Cambridge_Hand_Gesture/slices/xyc/3/Set4_3_0005,67
/home/yhu/Datasets/Cambridge_Hand_Gesture/slices/xyc/2/Set1_2_0009,51
/home/yhu/Datasets/Cambridge_Hand_Gesture/slices/xyc/2/Set3_2_0011,80
/home/yhu/Datasets/Cambridge_Hand_Gesture/slices/xyc/2/Set3_2_0004,59
/home/yhu/Datasets/Cambridge_Hand_Gesture/slices/xyc/2/Set1_2_0006,62
/home/yhu/Datasets/Cambridge_Hand_Gesture/slices/xyc/2/Set2_2_0005,65
/home/yhu/Datasets/Cambridge_Hand_Gesture/slices/xyc/2/Set5_2_0002,60
/home/yhu/Datasets/Cambridge_Hand_Gesture/slices/xyc/2/Set1_2_0014,80
/home/yhu/Datasets/Cambridge_Hand_Gesture/slices/xyc/2/Set1_2_0011,82
/home/yhu/Datasets/Cambridge_Hand_Gesture/slices/xyc/2/Set5_2_0016,78
/home/yhu/Datasets/Cambridge_Hand_Gesture/slices/xyc/2/Set1_2_0015,85
/home/yhu/Datasets/Cambridge_Hand_Gesture/slices/xyc/2/Set2_2_0010,71
/home/yhu/Datasets/Cambridge_Hand_Gesture/slices/xyc/2/Set4_2_0007,65
/home/yhu/Datasets/Cambridge_Hand_Gesture/slices/xyc/2/Set3_2_0013,68
/home/yhu/Datasets/Cambridge_Hand_Gesture/slices/xyc/2/Set5_2_0004,70
/home/yhu/Datasets/Cambridge_Hand_Gesture/slices/xyc/2/Set3_2_0005,70
/home/yhu/Datasets/Cambridge_Hand_Gesture/slices/xyc/2/Set4_2_0013,62
/home/yhu/Datasets/Cambridge_Hand_Gesture/slices/xyc/2/Set3_2_0001,74
/home/yhu/Datasets/Cambridge_Hand_Gesture/slices/xyc/2/Set4_2_0000,68
/home/yhu/Datasets/Cambridge_Hand_Gesture/slices/xyc/2/Set5_2_0001,67
/home/yhu/Datasets/Cambridge_Hand_Gesture/slices/xyc/2/Set4_2_0014,54
/home/yhu/Datasets/Cambridge_Hand_Gesture/slices/xyc/2/Set2_2_0014,80
/home/yhu/Datasets/Cambridge_Hand_Gesture/slices/xyc/2/Set2_2_0019,71
/home/yhu/Datasets/Cambridge_Hand_Gesture/slices/xyc/2/Set4_2_0006,61
/home/yhu/Datasets/Cambridge_Hand_Gesture/slices/xyc/2/Set5_2_0006,61
/home/yhu/Datasets/Cambridge_Hand_Gesture/slices/xyc/2/Set3_2_0014,90
/home/yhu/Datasets/Cambridge_Hand_Gesture/slices/xyc/2/Set1_2_0007,48
/home/yhu/Datasets/Cambridge_Hand_Gesture/slices/xyc/2/Set3_2_0017,57
/home/yhu/Datasets/Cambridge_Hand_Gesture/slices/xyc/2/Set4_2_0009,63
/home/yhu/Datasets/Cambridge_Hand_Gesture/slices/xyc/2/Set1_2_0018,88
/home/yhu/Datasets/Cambridge_Hand_Gesture/slices/xyc/2/Set3_2_0002,68
/home/yhu/Datasets/Cambridge_Hand_Gesture/slices/xyc/2/Set4_2_0011,81
/home/yhu/Datasets/Cambridge_Hand_Gesture/slices/xyc/2/Set1_2_0019,96
/home/yhu/Datasets/Cambridge_Hand_Gesture/slices/xyc/2/Set1_2_0001,68
/home/yhu/Datasets/Cambridge_Hand_Gesture/slices/xyc/2/Set4_2_0001,104
/home/yhu/Datasets/Cambridge_Hand_Gesture/slices/xyc/2/Set1_2_0012,88
/home/yhu/Datasets/Cambridge_Hand_Gesture/slices/xyc/2/Set5_2_0018,82
/home/yhu/Datasets/Cambridge_Hand_Gesture/slices/xyc/2/Set4_2_0015,63
/home/yhu/Datasets/Cambridge_Hand_Gesture/slices/xyc/2/Set1_2_0008,51
/home/yhu/Datasets/Cambridge_Hand_Gesture/slices/xyc/2/Set5_2_0005,71
/home/yhu/Datasets/Cambridge_Hand_Gesture/slices/xyc/2/Set2_2_0013,75
/home/yhu/Datasets/Cambridge_Hand_Gesture/slices/xyc/2/Set5_2_0015,81
/home/yhu/Datasets/Cambridge_Hand_Gesture/slices/xyc/2/Set3_2_0009,61
/home/yhu/Datasets/Cambridge_Hand_Gesture/slices/xyc/2/Set1_2_0002,56
/home/yhu/Datasets/Cambridge_Hand_Gesture/slices/xyc/2/Set2_2_0018,56
/home/yhu/Datasets/Cambridge_Hand_Gesture/slices/xyc/2/Set5_2_0017,81
/home/yhu/Datasets/Cambridge_Hand_Gesture/slices/xyc/2/Set4_2_0005,72
/home/yhu/Datasets/Cambridge_Hand_Gesture/slices/xyc/2/Set4_2_0018,87
/home/yhu/Datasets/Cambridge_Hand_Gesture/slices/xyc/2/Set5_2_0010,71
/home/yhu/Datasets/Cambridge_Hand_Gesture/slices/xyc/2/Set3_2_0006,73
/home/yhu/Datasets/Cambridge_Hand_Gesture/slices/xyc/2/Set5_2_0003,45
/home/yhu/Datasets/Cambridge_Hand_Gesture/slices/xyc/2/Set3_2_0018,65
/home/yhu/Datasets/Cambridge_Hand_Gesture/slices/xyc/2/Set1_2_0005,61
/home/yhu/Datasets/Cambridge_Hand_Gesture/slices/xyc/2/Set2_2_0004,71
/home/yhu/Datasets/Cambridge_Hand_Gesture/slices/xyc/2/Set2_2_0017,85
/home/yhu/Datasets/Cambridge_Hand_Gesture/slices/xyc/2/Set3_2_0019,75
/home/yhu/Datasets/Cambridge_Hand_Gesture/slices/xyc/2/Set1_2_0003,71
/home/yhu/Datasets/Cambridge_Hand_Gesture/slices/xyc/2/Set3_2_0012,86
/home/yhu/Datasets/Cambridge_Hand_Gesture/slices/xyc/2/Set4_2_0012,92
/home/yhu/Datasets/Cambridge_Hand_Gesture/slices/xyc/2/Set5_2_0000,56
/home/yhu/Datasets/Cambridge_Hand_Gesture/slices/xyc/2/Set5_2_0012,72
/home/yhu/Datasets/Cambridge_Hand_Gesture/slices/xyc/2/Set4_2_0002,73
/home/yhu/Datasets/Cambridge_Hand_Gesture/slices/xyc/2/Set1_2_0013,83
/home/yhu/Datasets/Cambridge_Hand_Gesture/slices/xyc/2/Set4_2_0019,73
/home/yhu/Datasets/Cambridge_Hand_Gesture/slices/xyc/2/Set5_2_0011,83
/home/yhu/Datasets/Cambridge_Hand_Gesture/slices/xyc/2/Set2_2_0015,72
/home/yhu/Datasets/Cambridge_Hand_Gesture/slices/xyc/2/Set5_2_0019,88
/home/yhu/Datasets/Cambridge_Hand_Gesture/slices/xyc/2/Set4_2_0003,85
/home/yhu/Datasets/Cambridge_Hand_Gesture/slices/xyc/2/Set3_2_0016,74
/home/yhu/Datasets/Cambridge_Hand_Gesture/slices/xyc/2/Set2_2_0008,59
/home/yhu/Datasets/Cambridge_Hand_Gesture/slices/xyc/2/Set5_2_0008,55
/home/yhu/Datasets/Cambridge_Hand_Gesture/slices/xyc/2/Set3_2_0010,77
/home/yhu/Datasets/Cambridge_Hand_Gesture/slices/xyc/2/Set2_2_0002,94
/home/yhu/Datasets/Cambridge_Hand_Gesture/slices/xyc/2/Set3_2_0000,72
/home/yhu/Datasets/Cambridge_Hand_Gesture/slices/xyc/2/Set4_2_0017,62
/home/yhu/Datasets/Cambridge_Hand_Gesture/slices/xyc/2/Set5_2_0009,52
/home/yhu/Datasets/Cambridge_Hand_Gesture/slices/xyc/2/Set2_2_0003,58
/home/yhu/Datasets/Cambridge_Hand_Gesture/slices/xyc/2/Set2_2_0011,79
/home/yhu/Datasets/Cambridge_Hand_Gesture/slices/xyc/2/Set2_2_0001,69
/home/yhu/Datasets/Cambridge_Hand_Gesture/slices/xyc/2/Set3_2_0015,61
/home/yhu/Datasets/Cambridge_Hand_Gesture/slices/xyc/2/Set5_2_0014,84
/home/yhu/Datasets/Cambridge_Hand_Gesture/slices/xyc/2/Set3_2_0003,61
/home/yhu/Datasets/Cambridge_Hand_Gesture/slices/xyc/2/Set2_2_0000,76
/home/yhu/Datasets/Cambridge_Hand_Gesture/slices/xyc/2/Set1_2_0010,83
/home/yhu/Datasets/Cambridge_Hand_Gesture/slices/xyc/2/Set4_2_0004,67
/home/yhu/Datasets/Cambridge_Hand_Gesture/slices/xyc/2/Set2_2_0012,79
/home/yhu/Datasets/Cambridge_Hand_Gesture/slices/xyc/2/Set4_2_0016,72
/home/yhu/Datasets/Cambridge_Hand_Gesture/slices/xyc/2/Set1_2_0000,60
/home/yhu/Datasets/Cambridge_Hand_Gesture/slices/xyc/2/Set1_2_0004,55
/home/yhu/Datasets/Cambridge_Hand_Gesture/slices/xyc/2/Set2_2_0007,65
/home/yhu/Datasets/Cambridge_Hand_Gesture/slices/xyc/2/Set5_2_0007,56
/home/yhu/Datasets/Cambridge_Hand_Gesture/slices/xyc/2/Set1_2_0017,85
/home/yhu/Datasets/Cambridge_Hand_Gesture/slices/xyc/2/Set4_2_0008,96
/home/yhu/Datasets/Cambridge_Hand_Gesture/slices/xyc/2/Set3_2_0007,63
/home/yhu/Datasets/Cambridge_Hand_Gesture/slices/xyc/2/Set1_2_0016,89
/home/yhu/Datasets/Cambridge_Hand_Gesture/slices/xyc/2/Set3_2_0008,66
/home/yhu/Datasets/Cambridge_Hand_Gesture/slices/xyc/2/Set2_2_0009,56
/home/yhu/Datasets/Cambridge_Hand_Gesture/slices/xyc/2/Set5_2_0013,77
/home/yhu/Datasets/Cambridge_Hand_Gesture/slices/xyc/2/Set4_2_0010,74
/home/yhu/Datasets/Cambridge_Hand_Gesture/slices/xyc/2/Set2_2_0006,67
/home/yhu/Datasets/Cambridge_Hand_Gesture/slices/xyc/2/Set2_2_0016,75
/home/yhu/Datasets/Cambridge_Hand_Gesture/slices/xyc/8/Set5_8_0019,59
/home/yhu/Datasets/Cambridge_Hand_Gesture/slices/xyc/8/Set4_8_0004,57
/home/yhu/Datasets/Cambridge_Hand_Gesture/slices/xyc/8/Set5_8_0009,74
/home/yhu/Datasets/Cambridge_Hand_Gesture/slices/xyc/8/Set2_8_0001,66
/home/yhu/Datasets/Cambridge_Hand_Gesture/slices/xyc/8/Set2_8_0017,66
/home/yhu/Datasets/Cambridge_Hand_Gesture/slices/xyc/8/Set3_8_0014,78
/home/yhu/Datasets/Cambridge_Hand_Gesture/slices/xyc/8/Set3_8_0019,79
/home/yhu/Datasets/Cambridge_Hand_Gesture/slices/xyc/8/Set1_8_0011,95
/home/yhu/Datasets/Cambridge_Hand_Gesture/slices/xyc/8/Set2_8_0014,71
/home/yhu/Datasets/Cambridge_Hand_Gesture/slices/xyc/8/Set4_8_0010,65
/home/yhu/Datasets/Cambridge_Hand_Gesture/slices/xyc/8/Set5_8_0000,61
/home/yhu/Datasets/Cambridge_Hand_Gesture/slices/xyc/8/Set3_8_0001,69
/home/yhu/Datasets/Cambridge_Hand_Gesture/slices/xyc/8/Set1_8_0013,88
/home/yhu/Datasets/Cambridge_Hand_Gesture/slices/xyc/8/Set2_8_0008,50
/home/yhu/Datasets/Cambridge_Hand_Gesture/slices/xyc/8/Set3_8_0002,54
/home/yhu/Datasets/Cambridge_Hand_Gesture/slices/xyc/8/Set4_8_0018,86
/home/yhu/Datasets/Cambridge_Hand_Gesture/slices/xyc/8/Set1_8_0009,51
/home/yhu/Datasets/Cambridge_Hand_Gesture/slices/xyc/8/Set1_8_0003,64
/home/yhu/Datasets/Cambridge_Hand_Gesture/slices/xyc/8/Set2_8_0015,77
/home/yhu/Datasets/Cambridge_Hand_Gesture/slices/xyc/8/Set1_8_0016,81
/home/yhu/Datasets/Cambridge_Hand_Gesture/slices/xyc/8/Set1_8_0002,68
/home/yhu/Datasets/Cambridge_Hand_Gesture/slices/xyc/8/Set3_8_0011,80
/home/yhu/Datasets/Cambridge_Hand_Gesture/slices/xyc/8/Set3_8_0004,63
/home/yhu/Datasets/Cambridge_Hand_Gesture/slices/xyc/8/Set5_8_0012,69
/home/yhu/Datasets/Cambridge_Hand_Gesture/slices/xyc/8/Set5_8_0006,69
/home/yhu/Datasets/Cambridge_Hand_Gesture/slices/xyc/8/Set4_8_0002,60
/home/yhu/Datasets/Cambridge_Hand_Gesture/slices/xyc/8/Set1_8_0006,55
/home/yhu/Datasets/Cambridge_Hand_Gesture/slices/xyc/8/Set4_8_0013,76
/home/yhu/Datasets/Cambridge_Hand_Gesture/slices/xyc/8/Set1_8_0001,53
/home/yhu/Datasets/Cambridge_Hand_Gesture/slices/xyc/8/Set3_8_0018,77
/home/yhu/Datasets/Cambridge_Hand_Gesture/slices/xyc/8/Set3_8_0009,66
/home/yhu/Datasets/Cambridge_Hand_Gesture/slices/xyc/8/Set1_8_0007,66
/home/yhu/Datasets/Cambridge_Hand_Gesture/slices/xyc/8/Set4_8_0003,63
/home/yhu/Datasets/Cambridge_Hand_Gesture/slices/xyc/8/Set4_8_0012,75
/home/yhu/Datasets/Cambridge_Hand_Gesture/slices/xyc/8/Set5_8_0014,74
/home/yhu/Datasets/Cambridge_Hand_Gesture/slices/xyc/8/Set5_8_0004,62
/home/yhu/Datasets/Cambridge_Hand_Gesture/slices/xyc/8/Set1_8_0004,72
/home/yhu/Datasets/Cambridge_Hand_Gesture/slices/xyc/8/Set4_8_0005,53
/home/yhu/Datasets/Cambridge_Hand_Gesture/slices/xyc/8/Set3_8_0003,57
/home/yhu/Datasets/Cambridge_Hand_Gesture/slices/xyc/8/Set5_8_0008,75
/home/yhu/Datasets/Cambridge_Hand_Gesture/slices/xyc/8/Set2_8_0006,72
/home/yhu/Datasets/Cambridge_Hand_Gesture/slices/xyc/8/Set4_8_0009,69
/home/yhu/Datasets/Cambridge_Hand_Gesture/slices/xyc/8/Set2_8_0016,55
/home/yhu/Datasets/Cambridge_Hand_Gesture/slices/xyc/8/Set5_8_0013,77
/home/yhu/Datasets/Cambridge_Hand_Gesture/slices/xyc/8/Set4_8_0019,107
/home/yhu/Datasets/Cambridge_Hand_Gesture/slices/xyc/8/Set3_8_0013,77
/home/yhu/Datasets/Cambridge_Hand_Gesture/slices/xyc/8/Set4_8_0006,71
/home/yhu/Datasets/Cambridge_Hand_Gesture/slices/xyc/8/Set4_8_0016,81
/home/yhu/Datasets/Cambridge_Hand_Gesture/slices/xyc/8/Set4_8_0017,101
/home/yhu/Datasets/Cambridge_Hand_Gesture/slices/xyc/8/Set3_8_0006,68
/home/yhu/Datasets/Cambridge_Hand_Gesture/slices/xyc/8/Set4_8_0014,73
/home/yhu/Datasets/Cambridge_Hand_Gesture/slices/xyc/8/Set1_8_0005,52
/home/yhu/Datasets/Cambridge_Hand_Gesture/slices/xyc/8/Set2_8_0019,66
/home/yhu/Datasets/Cambridge_Hand_Gesture/slices/xyc/8/Set2_8_0004,56
/home/yhu/Datasets/Cambridge_Hand_Gesture/slices/xyc/8/Set3_8_0015,68
/home/yhu/Datasets/Cambridge_Hand_Gesture/slices/xyc/8/Set5_8_0003,43
/home/yhu/Datasets/Cambridge_Hand_Gesture/slices/xyc/8/Set5_8_0010,78
/home/yhu/Datasets/Cambridge_Hand_Gesture/slices/xyc/8/Set3_8_0016,92
/home/yhu/Datasets/Cambridge_Hand_Gesture/slices/xyc/8/Set2_8_0010,59
/home/yhu/Datasets/Cambridge_Hand_Gesture/slices/xyc/8/Set5_8_0018,75
/home/yhu/Datasets/Cambridge_Hand_Gesture/slices/xyc/8/Set5_8_0017,62
/home/yhu/Datasets/Cambridge_Hand_Gesture/slices/xyc/8/Set3_8_0005,73
/home/yhu/Datasets/Cambridge_Hand_Gesture/slices/xyc/8/Set4_8_0007,75
/home/yhu/Datasets/Cambridge_Hand_Gesture/slices/xyc/8/Set4_8_0015,86
/home/yhu/Datasets/Cambridge_Hand_Gesture/slices/xyc/8/Set2_8_0003,54
/home/yhu/Datasets/Cambridge_Hand_Gesture/slices/xyc/8/Set1_8_0010,96
/home/yhu/Datasets/Cambridge_Hand_Gesture/slices/xyc/8/Set5_8_0016,79
/home/yhu/Datasets/Cambridge_Hand_Gesture/slices/xyc/8/Set4_8_0000,65
/home/yhu/Datasets/Cambridge_Hand_Gesture/slices/xyc/8/Set2_8_0012,72
/home/yhu/Datasets/Cambridge_Hand_Gesture/slices/xyc/8/Set2_8_0018,78
/home/yhu/Datasets/Cambridge_Hand_Gesture/slices/xyc/8/Set3_8_0000,62
/home/yhu/Datasets/Cambridge_Hand_Gesture/slices/xyc/8/Set1_8_0018,75
/home/yhu/Datasets/Cambridge_Hand_Gesture/slices/xyc/8/Set5_8_0007,60
/home/yhu/Datasets/Cambridge_Hand_Gesture/slices/xyc/8/Set1_8_0019,78
/home/yhu/Datasets/Cambridge_Hand_Gesture/slices/xyc/8/Set1_8_0012,81
/home/yhu/Datasets/Cambridge_Hand_Gesture/slices/xyc/8/Set2_8_0009,84
/home/yhu/Datasets/Cambridge_Hand_Gesture/slices/xyc/8/Set5_8_0011,80
/home/yhu/Datasets/Cambridge_Hand_Gesture/slices/xyc/8/Set2_8_0013,57
/home/yhu/Datasets/Cambridge_Hand_Gesture/slices/xyc/8/Set3_8_0010,67
/home/yhu/Datasets/Cambridge_Hand_Gesture/slices/xyc/8/Set2_8_0007,63
/home/yhu/Datasets/Cambridge_Hand_Gesture/slices/xyc/8/Set3_8_0017,96
/home/yhu/Datasets/Cambridge_Hand_Gesture/slices/xyc/8/Set2_8_0005,60
/home/yhu/Datasets/Cambridge_Hand_Gesture/slices/xyc/8/Set2_8_0002,54
/home/yhu/Datasets/Cambridge_Hand_Gesture/slices/xyc/8/Set4_8_0001,74
/home/yhu/Datasets/Cambridge_Hand_Gesture/slices/xyc/8/Set5_8_0005,56
/home/yhu/Datasets/Cambridge_Hand_Gesture/slices/xyc/8/Set2_8_0011,71
/home/yhu/Datasets/Cambridge_Hand_Gesture/slices/xyc/8/Set1_8_0000,64
/home/yhu/Datasets/Cambridge_Hand_Gesture/slices/xyc/8/Set5_8_0015,65
/home/yhu/Datasets/Cambridge_Hand_Gesture/slices/xyc/8/Set4_8_0011,72
/home/yhu/Datasets/Cambridge_Hand_Gesture/slices/xyc/8/Set1_8_0008,60
/home/yhu/Datasets/Cambridge_Hand_Gesture/slices/xyc/8/Set3_8_0007,67
/home/yhu/Datasets/Cambridge_Hand_Gesture/slices/xyc/8/Set4_8_0008,61
/home/yhu/Datasets/Cambridge_Hand_Gesture/slices/xyc/8/Set1_8_0014,84
/home/yhu/Datasets/Cambridge_Hand_Gesture/slices/xyc/8/Set1_8_0017,72
/home/yhu/Datasets/Cambridge_Hand_Gesture/slices/xyc/8/Set3_8_0012,83
/home/yhu/Datasets/Cambridge_Hand_Gesture/slices/xyc/8/Set3_8_0008,73
/home/yhu/Datasets/Cambridge_Hand_Gesture/slices/xyc/8/Set5_8_0002,52
/home/yhu/Datasets/Cambridge_Hand_Gesture/slices/xyc/8/Set1_8_0015,79
/home/yhu/Datasets/Cambridge_Hand_Gesture/slices/xyc/8/Set5_8_0001,62
/home/yhu/Datasets/Cambridge_Hand_Gesture/slices/xyc/8/Set2_8_0000,56
/home/yhu/Datasets/Cambridge_Hand_Gesture/slices/xyc/9/Set1_9_0000,42
/home/yhu/Datasets/Cambridge_Hand_Gesture/slices/xyc/9/Set3_9_0002,72
/home/yhu/Datasets/Cambridge_Hand_Gesture/slices/xyc/9/Set5_9_0005,54
/home/yhu/Datasets/Cambridge_Hand_Gesture/slices/xyc/9/Set3_9_0016,55
/home/yhu/Datasets/Cambridge_Hand_Gesture/slices/xyc/9/Set3_9_0012,62
/home/yhu/Datasets/Cambridge_Hand_Gesture/slices/xyc/9/Set2_9_0013,45
/home/yhu/Datasets/Cambridge_Hand_Gesture/slices/xyc/9/Set1_9_0015,56
/home/yhu/Datasets/Cambridge_Hand_Gesture/slices/xyc/9/Set1_9_0010,46
/home/yhu/Datasets/Cambridge_Hand_Gesture/slices/xyc/9/Set5_9_0003,60
/home/yhu/Datasets/Cambridge_Hand_Gesture/slices/xyc/9/Set1_9_0012,45
/home/yhu/Datasets/Cambridge_Hand_Gesture/slices/xyc/9/Set4_9_0012,59
/home/yhu/Datasets/Cambridge_Hand_Gesture/slices/xyc/9/Set5_9_0008,68
/home/yhu/Datasets/Cambridge_Hand_Gesture/slices/xyc/9/Set4_9_0007,76
/home/yhu/Datasets/Cambridge_Hand_Gesture/slices/xyc/9/Set5_9_0018,56
/home/yhu/Datasets/Cambridge_Hand_Gesture/slices/xyc/9/Set3_9_0007,62
/home/yhu/Datasets/Cambridge_Hand_Gesture/slices/xyc/9/Set3_9_0015,59
/home/yhu/Datasets/Cambridge_Hand_Gesture/slices/xyc/9/Set3_9_0018,67
/home/yhu/Datasets/Cambridge_Hand_Gesture/slices/xyc/9/Set1_9_0014,56
/home/yhu/Datasets/Cambridge_Hand_Gesture/slices/xyc/9/Set4_9_0017,60
/home/yhu/Datasets/Cambridge_Hand_Gesture/slices/xyc/9/Set5_9_0014,48
/home/yhu/Datasets/Cambridge_Hand_Gesture/slices/xyc/9/Set2_9_0004,64
/home/yhu/Datasets/Cambridge_Hand_Gesture/slices/xyc/9/Set3_9_0008,70
/home/yhu/Datasets/Cambridge_Hand_Gesture/slices/xyc/9/Set5_9_0001,61
/home/yhu/Datasets/Cambridge_Hand_Gesture/slices/xyc/9/Set5_9_0011,54
/home/yhu/Datasets/Cambridge_Hand_Gesture/slices/xyc/9/Set5_9_0017,58
/home/yhu/Datasets/Cambridge_Hand_Gesture/slices/xyc/9/Set1_9_0019,48
/home/yhu/Datasets/Cambridge_Hand_Gesture/slices/xyc/9/Set2_9_0017,53
/home/yhu/Datasets/Cambridge_Hand_Gesture/slices/xyc/9/Set1_9_0013,53
/home/yhu/Datasets/Cambridge_Hand_Gesture/slices/xyc/9/Set3_9_0006,65
/home/yhu/Datasets/Cambridge_Hand_Gesture/slices/xyc/9/Set1_9_0002,56
/home/yhu/Datasets/Cambridge_Hand_Gesture/slices/xyc/9/Set5_9_0004,53
/home/yhu/Datasets/Cambridge_Hand_Gesture/slices/xyc/9/Set2_9_0005,66
/home/yhu/Datasets/Cambridge_Hand_Gesture/slices/xyc/9/Set5_9_0000,54
/home/yhu/Datasets/Cambridge_Hand_Gesture/slices/xyc/9/Set3_9_0005,67
/home/yhu/Datasets/Cambridge_Hand_Gesture/slices/xyc/9/Set3_9_0009,68
/home/yhu/Datasets/Cambridge_Hand_Gesture/slices/xyc/9/Set3_9_0001,73
/home/yhu/Datasets/Cambridge_Hand_Gesture/slices/xyc/9/Set2_9_0014,47
/home/yhu/Datasets/Cambridge_Hand_Gesture/slices/xyc/9/Set5_9_0006,61
/home/yhu/Datasets/Cambridge_Hand_Gesture/slices/xyc/9/Set1_9_0003,75
/home/yhu/Datasets/Cambridge_Hand_Gesture/slices/xyc/9/Set5_9_0007,65
/home/yhu/Datasets/Cambridge_Hand_Gesture/slices/xyc/9/Set4_9_0013,58
/home/yhu/Datasets/Cambridge_Hand_Gesture/slices/xyc/9/Set2_9_0009,64
/home/yhu/Datasets/Cambridge_Hand_Gesture/slices/xyc/9/Set3_9_0004,60
/home/yhu/Datasets/Cambridge_Hand_Gesture/slices/xyc/9/Set2_9_0007,76
/home/yhu/Datasets/Cambridge_Hand_Gesture/slices/xyc/9/Set1_9_0009,61
/home/yhu/Datasets/Cambridge_Hand_Gesture/slices/xyc/9/Set3_9_0000,48
/home/yhu/Datasets/Cambridge_Hand_Gesture/slices/xyc/9/Set4_9_0005,70
/home/yhu/Datasets/Cambridge_Hand_Gesture/slices/xyc/9/Set4_9_0001,66
/home/yhu/Datasets/Cambridge_Hand_Gesture/slices/xyc/9/Set2_9_0018,37
/home/yhu/Datasets/Cambridge_Hand_Gesture/slices/xyc/9/Set4_9_0016,55
/home/yhu/Datasets/Cambridge_Hand_Gesture/slices/xyc/9/Set4_9_0006,86
/home/yhu/Datasets/Cambridge_Hand_Gesture/slices/xyc/9/Set5_9_0002,61
/home/yhu/Datasets/Cambridge_Hand_Gesture/slices/xyc/9/Set2_9_0002,66
/home/yhu/Datasets/Cambridge_Hand_Gesture/slices/xyc/9/Set1_9_0017,51
/home/yhu/Datasets/Cambridge_Hand_Gesture/slices/xyc/9/Set5_9_0019,56
/home/yhu/Datasets/Cambridge_Hand_Gesture/slices/xyc/9/Set2_9_0016,46
/home/yhu/Datasets/Cambridge_Hand_Gesture/slices/xyc/9/Set5_9_0013,54
/home/yhu/Datasets/Cambridge_Hand_Gesture/slices/xyc/9/Set3_9_0017,58
/home/yhu/Datasets/Cambridge_Hand_Gesture/slices/xyc/9/Set4_9_0003,71
/home/yhu/Datasets/Cambridge_Hand_Gesture/slices/xyc/9/Set2_9_0000,50
/home/yhu/Datasets/Cambridge_Hand_Gesture/slices/xyc/9/Set1_9_0016,55
/home/yhu/Datasets/Cambridge_Hand_Gesture/slices/xyc/9/Set4_9_0011,59
/home/yhu/Datasets/Cambridge_Hand_Gesture/slices/xyc/9/Set3_9_0010,50
/home/yhu/Datasets/Cambridge_Hand_Gesture/slices/xyc/9/Set3_9_0011,48
/home/yhu/Datasets/Cambridge_Hand_Gesture/slices/xyc/9/Set5_9_0009,63
/home/yhu/Datasets/Cambridge_Hand_Gesture/slices/xyc/9/Set5_9_0016,57
/home/yhu/Datasets/Cambridge_Hand_Gesture/slices/xyc/9/Set2_9_0012,63
/home/yhu/Datasets/Cambridge_Hand_Gesture/slices/xyc/9/Set1_9_0006,73
/home/yhu/Datasets/Cambridge_Hand_Gesture/slices/xyc/9/Set1_9_0011,64
/home/yhu/Datasets/Cambridge_Hand_Gesture/slices/xyc/9/Set2_9_0001,76
/home/yhu/Datasets/Cambridge_Hand_Gesture/slices/xyc/9/Set1_9_0008,57
/home/yhu/Datasets/Cambridge_Hand_Gesture/slices/xyc/9/Set2_9_0010,46
/home/yhu/Datasets/Cambridge_Hand_Gesture/slices/xyc/9/Set4_9_0000,58
/home/yhu/Datasets/Cambridge_Hand_Gesture/slices/xyc/9/Set4_9_0015,55
/home/yhu/Datasets/Cambridge_Hand_Gesture/slices/xyc/9/Set3_9_0014,65
/home/yhu/Datasets/Cambridge_Hand_Gesture/slices/xyc/9/Set5_9_0015,65
/home/yhu/Datasets/Cambridge_Hand_Gesture/slices/xyc/9/Set2_9_0003,69
/home/yhu/Datasets/Cambridge_Hand_Gesture/slices/xyc/9/Set2_9_0006,74
/home/yhu/Datasets/Cambridge_Hand_Gesture/slices/xyc/9/Set2_9_0015,50
/home/yhu/Datasets/Cambridge_Hand_Gesture/slices/xyc/9/Set1_9_0005,71
/home/yhu/Datasets/Cambridge_Hand_Gesture/slices/xyc/9/Set4_9_0014,59
/home/yhu/Datasets/Cambridge_Hand_Gesture/slices/xyc/9/Set5_9_0012,64
/home/yhu/Datasets/Cambridge_Hand_Gesture/slices/xyc/9/Set4_9_0002,78
/home/yhu/Datasets/Cambridge_Hand_Gesture/slices/xyc/9/Set2_9_0008,71
/home/yhu/Datasets/Cambridge_Hand_Gesture/slices/xyc/9/Set5_9_0010,42
/home/yhu/Datasets/Cambridge_Hand_Gesture/slices/xyc/9/Set2_9_0011,54
/home/yhu/Datasets/Cambridge_Hand_Gesture/slices/xyc/9/Set1_9_0007,78
/home/yhu/Datasets/Cambridge_Hand_Gesture/slices/xyc/9/Set3_9_0013,46
/home/yhu/Datasets/Cambridge_Hand_Gesture/slices/xyc/9/Set1_9_0018,57
/home/yhu/Datasets/Cambridge_Hand_Gesture/slices/xyc/9/Set4_9_0010,58
/home/yhu/Datasets/Cambridge_Hand_Gesture/slices/xyc/9/Set4_9_0004,72
/home/yhu/Datasets/Cambridge_Hand_Gesture/slices/xyc/9/Set1_9_0001,59
/home/yhu/Datasets/Cambridge_Hand_Gesture/slices/xyc/9/Set2_9_0019,66
/home/yhu/Datasets/Cambridge_Hand_Gesture/slices/xyc/9/Set3_9_0003,60
/home/yhu/Datasets/Cambridge_Hand_Gesture/slices/xyc/9/Set4_9_0008,82
/home/yhu/Datasets/Cambridge_Hand_Gesture/slices/xyc/9/Set3_9_0019,59
/home/yhu/Datasets/Cambridge_Hand_Gesture/slices/xyc/9/Set4_9_0019,60
/home/yhu/Datasets/Cambridge_Hand_Gesture/slices/xyc/9/Set4_9_0018,58
/home/yhu/Datasets/Cambridge_Hand_Gesture/slices/xyc/9/Set4_9_0009,67
/home/yhu/Datasets/Cambridge_Hand_Gesture/slices/xyc/9/Set1_9_0004,75
/home/yhu/Datasets/Cambridge_Hand_Gesture/slices/xyc/6/Set3_6_0008,58
/home/yhu/Datasets/Cambridge_Hand_Gesture/slices/xyc/6/Set1_6_0006,62
/home/yhu/Datasets/Cambridge_Hand_Gesture/slices/xyc/6/Set3_6_0015,47
/home/yhu/Datasets/Cambridge_Hand_Gesture/slices/xyc/6/Set3_6_0014,63
/home/yhu/Datasets/Cambridge_Hand_Gesture/slices/xyc/6/Set3_6_0017,62
/home/yhu/Datasets/Cambridge_Hand_Gesture/slices/xyc/6/Set3_6_0000,59
/home/yhu/Datasets/Cambridge_Hand_Gesture/slices/xyc/6/Set5_6_0012,67
/home/yhu/Datasets/Cambridge_Hand_Gesture/slices/xyc/6/Set5_6_0003,67
/home/yhu/Datasets/Cambridge_Hand_Gesture/slices/xyc/6/Set1_6_0001,83
/home/yhu/Datasets/Cambridge_Hand_Gesture/slices/xyc/6/Set3_6_0004,54
/home/yhu/Datasets/Cambridge_Hand_Gesture/slices/xyc/6/Set4_6_0007,60
/home/yhu/Datasets/Cambridge_Hand_Gesture/slices/xyc/6/Set1_6_0019,60
/home/yhu/Datasets/Cambridge_Hand_Gesture/slices/xyc/6/Set2_6_0017,61
/home/yhu/Datasets/Cambridge_Hand_Gesture/slices/xyc/6/Set1_6_0014,105
/home/yhu/Datasets/Cambridge_Hand_Gesture/slices/xyc/6/Set5_6_0006,65
/home/yhu/Datasets/Cambridge_Hand_Gesture/slices/xyc/6/Set4_6_0012,82
/home/yhu/Datasets/Cambridge_Hand_Gesture/slices/xyc/6/Set2_6_0014,70
/home/yhu/Datasets/Cambridge_Hand_Gesture/slices/xyc/6/Set1_6_0013,100
/home/yhu/Datasets/Cambridge_Hand_Gesture/slices/xyc/6/Set2_6_0008,62
/home/yhu/Datasets/Cambridge_Hand_Gesture/slices/xyc/6/Set2_6_0004,61
/home/yhu/Datasets/Cambridge_Hand_Gesture/slices/xyc/6/Set1_6_0005,60
/home/yhu/Datasets/Cambridge_Hand_Gesture/slices/xyc/6/Set2_6_0006,57
/home/yhu/Datasets/Cambridge_Hand_Gesture/slices/xyc/6/Set5_6_0014,56
/home/yhu/Datasets/Cambridge_Hand_Gesture/slices/xyc/6/Set1_6_0003,84
/home/yhu/Datasets/Cambridge_Hand_Gesture/slices/xyc/6/Set5_6_0004,61
/home/yhu/Datasets/Cambridge_Hand_Gesture/slices/xyc/6/Set1_6_0015,76
/home/yhu/Datasets/Cambridge_Hand_Gesture/slices/xyc/6/Set2_6_0005,59
/home/yhu/Datasets/Cambridge_Hand_Gesture/slices/xyc/6/Set3_6_0013,59
/home/yhu/Datasets/Cambridge_Hand_Gesture/slices/xyc/6/Set2_6_0011,119
/home/yhu/Datasets/Cambridge_Hand_Gesture/slices/xyc/6/Set5_6_0002,58
/home/yhu/Datasets/Cambridge_Hand_Gesture/slices/xyc/6/Set5_6_0001,58
/home/yhu/Datasets/Cambridge_Hand_Gesture/slices/xyc/6/Set4_6_0009,67
/home/yhu/Datasets/Cambridge_Hand_Gesture/slices/xyc/6/Set5_6_0005,67
/home/yhu/Datasets/Cambridge_Hand_Gesture/slices/xyc/6/Set3_6_0001,63
/home/yhu/Datasets/Cambridge_Hand_Gesture/slices/xyc/6/Set1_6_0011,80
/home/yhu/Datasets/Cambridge_Hand_Gesture/slices/xyc/6/Set5_6_0019,66
/home/yhu/Datasets/Cambridge_Hand_Gesture/slices/xyc/6/Set1_6_0009,60
/home/yhu/Datasets/Cambridge_Hand_Gesture/slices/xyc/6/Set4_6_0002,62
/home/yhu/Datasets/Cambridge_Hand_Gesture/slices/xyc/6/Set3_6_0018,59
/home/yhu/Datasets/Cambridge_Hand_Gesture/slices/xyc/6/Set2_6_0016,62
/home/yhu/Datasets/Cambridge_Hand_Gesture/slices/xyc/6/Set3_6_0009,63
/home/yhu/Datasets/Cambridge_Hand_Gesture/slices/xyc/6/Set4_6_0019,84
/home/yhu/Datasets/Cambridge_Hand_Gesture/slices/xyc/6/Set2_6_0010,62
/home/yhu/Datasets/Cambridge_Hand_Gesture/slices/xyc/6/Set1_6_0004,52
/home/yhu/Datasets/Cambridge_Hand_Gesture/slices/xyc/6/Set3_6_0012,61
/home/yhu/Datasets/Cambridge_Hand_Gesture/slices/xyc/6/Set5_6_0009,63
/home/yhu/Datasets/Cambridge_Hand_Gesture/slices/xyc/6/Set4_6_0013,86
/home/yhu/Datasets/Cambridge_Hand_Gesture/slices/xyc/6/Set2_6_0015,75
/home/yhu/Datasets/Cambridge_Hand_Gesture/slices/xyc/6/Set3_6_0010,65
/home/yhu/Datasets/Cambridge_Hand_Gesture/slices/xyc/6/Set2_6_0000,60
/home/yhu/Datasets/Cambridge_Hand_Gesture/slices/xyc/6/Set1_6_0008,54
/home/yhu/Datasets/Cambridge_Hand_Gesture/slices/xyc/6/Set3_6_0006,50
/home/yhu/Datasets/Cambridge_Hand_Gesture/slices/xyc/6/Set1_6_0010,71
/home/yhu/Datasets/Cambridge_Hand_Gesture/slices/xyc/6/Set3_6_0002,62
/home/yhu/Datasets/Cambridge_Hand_Gesture/slices/xyc/6/Set1_6_0002,77
/home/yhu/Datasets/Cambridge_Hand_Gesture/slices/xyc/6/Set4_6_0005,68
/home/yhu/Datasets/Cambridge_Hand_Gesture/slices/xyc/6/Set4_6_0003,57
/home/yhu/Datasets/Cambridge_Hand_Gesture/slices/xyc/6/Set4_6_0004,58
/home/yhu/Datasets/Cambridge_Hand_Gesture/slices/xyc/6/Set1_6_0012,94
/home/yhu/Datasets/Cambridge_Hand_Gesture/slices/xyc/6/Set4_6_0011,88
/home/yhu/Datasets/Cambridge_Hand_Gesture/slices/xyc/6/Set4_6_0008,70
/home/yhu/Datasets/Cambridge_Hand_Gesture/slices/xyc/6/Set3_6_0005,55
/home/yhu/Datasets/Cambridge_Hand_Gesture/slices/xyc/6/Set2_6_0019,65
/home/yhu/Datasets/Cambridge_Hand_Gesture/slices/xyc/6/Set5_6_0011,67
/home/yhu/Datasets/Cambridge_Hand_Gesture/slices/xyc/6/Set5_6_0007,57
/home/yhu/Datasets/Cambridge_Hand_Gesture/slices/xyc/6/Set2_6_0018,68
/home/yhu/Datasets/Cambridge_Hand_Gesture/slices/xyc/6/Set2_6_0013,94
/home/yhu/Datasets/Cambridge_Hand_Gesture/slices/xyc/6/Set4_6_0010,80
/home/yhu/Datasets/Cambridge_Hand_Gesture/slices/xyc/6/Set3_6_0016,60
/home/yhu/Datasets/Cambridge_Hand_Gesture/slices/xyc/6/Set4_6_0001,68
/home/yhu/Datasets/Cambridge_Hand_Gesture/slices/xyc/6/Set5_6_0017,61
/home/yhu/Datasets/Cambridge_Hand_Gesture/slices/xyc/6/Set1_6_0018,68
/home/yhu/Datasets/Cambridge_Hand_Gesture/slices/xyc/6/Set1_6_0000,42
/home/yhu/Datasets/Cambridge_Hand_Gesture/slices/xyc/6/Set4_6_0000,46
/home/yhu/Datasets/Cambridge_Hand_Gesture/slices/xyc/6/Set2_6_0003,52
/home/yhu/Datasets/Cambridge_Hand_Gesture/slices/xyc/6/Set1_6_0017,66
/home/yhu/Datasets/Cambridge_Hand_Gesture/slices/xyc/6/Set4_6_0006,68
/home/yhu/Datasets/Cambridge_Hand_Gesture/slices/xyc/6/Set5_6_0016,77
/home/yhu/Datasets/Cambridge_Hand_Gesture/slices/xyc/6/Set5_6_0018,72
/home/yhu/Datasets/Cambridge_Hand_Gesture/slices/xyc/6/Set5_6_0015,82
/home/yhu/Datasets/Cambridge_Hand_Gesture/slices/xyc/6/Set5_6_0010,70
/home/yhu/Datasets/Cambridge_Hand_Gesture/slices/xyc/6/Set2_6_0007,65
/home/yhu/Datasets/Cambridge_Hand_Gesture/slices/xyc/6/Set2_6_0009,55
/home/yhu/Datasets/Cambridge_Hand_Gesture/slices/xyc/6/Set3_6_0011,54
/home/yhu/Datasets/Cambridge_Hand_Gesture/slices/xyc/6/Set3_6_0003,51
/home/yhu/Datasets/Cambridge_Hand_Gesture/slices/xyc/6/Set2_6_0012,62
/home/yhu/Datasets/Cambridge_Hand_Gesture/slices/xyc/6/Set5_6_0013,67
/home/yhu/Datasets/Cambridge_Hand_Gesture/slices/xyc/6/Set5_6_0000,70
/home/yhu/Datasets/Cambridge_Hand_Gesture/slices/xyc/6/Set4_6_0017,71
/home/yhu/Datasets/Cambridge_Hand_Gesture/slices/xyc/6/Set1_6_0007,61
/home/yhu/Datasets/Cambridge_Hand_Gesture/slices/xyc/6/Set5_6_0008,61
/home/yhu/Datasets/Cambridge_Hand_Gesture/slices/xyc/6/Set4_6_0018,61
/home/yhu/Datasets/Cambridge_Hand_Gesture/slices/xyc/6/Set4_6_0014,63
/home/yhu/Datasets/Cambridge_Hand_Gesture/slices/xyc/6/Set2_6_0002,60
/home/yhu/Datasets/Cambridge_Hand_Gesture/slices/xyc/6/Set4_6_0015,69
/home/yhu/Datasets/Cambridge_Hand_Gesture/slices/xyc/6/Set2_6_0001,55
/home/yhu/Datasets/Cambridge_Hand_Gesture/slices/xyc/6/Set3_6_0007,49
/home/yhu/Datasets/Cambridge_Hand_Gesture/slices/xyc/6/Set3_6_0019,65
/home/yhu/Datasets/Cambridge_Hand_Gesture/slices/xyc/6/Set4_6_0016,78
/home/yhu/Datasets/Cambridge_Hand_Gesture/slices/xyc/6/Set1_6_0016,61
/home/yhu/Datasets/Cambridge_Hand_Gesture/slices/xyc/1/Set3_1_0005,72
/home/yhu/Datasets/Cambridge_Hand_Gesture/slices/xyc/1/Set5_1_0014,72
/home/yhu/Datasets/Cambridge_Hand_Gesture/slices/xyc/1/Set2_1_0004,68
/home/yhu/Datasets/Cambridge_Hand_Gesture/slices/xyc/1/Set1_1_0012,87
/home/yhu/Datasets/Cambridge_Hand_Gesture/slices/xyc/1/Set3_1_0000,70
/home/yhu/Datasets/Cambridge_Hand_Gesture/slices/xyc/1/Set4_1_0013,79
/home/yhu/Datasets/Cambridge_Hand_Gesture/slices/xyc/1/Set1_1_0004,45
/home/yhu/Datasets/Cambridge_Hand_Gesture/slices/xyc/1/Set3_1_0009,70
/home/yhu/Datasets/Cambridge_Hand_Gesture/slices/xyc/1/Set2_1_0015,83
/home/yhu/Datasets/Cambridge_Hand_Gesture/slices/xyc/1/Set5_1_0012,74
/home/yhu/Datasets/Cambridge_Hand_Gesture/slices/xyc/1/Set3_1_0002,68
/home/yhu/Datasets/Cambridge_Hand_Gesture/slices/xyc/1/Set5_1_0004,44
/home/yhu/Datasets/Cambridge_Hand_Gesture/slices/xyc/1/Set2_1_0011,71
/home/yhu/Datasets/Cambridge_Hand_Gesture/slices/xyc/1/Set3_1_0016,78
/home/yhu/Datasets/Cambridge_Hand_Gesture/slices/xyc/1/Set3_1_0001,59
/home/yhu/Datasets/Cambridge_Hand_Gesture/slices/xyc/1/Set5_1_0007,57
/home/yhu/Datasets/Cambridge_Hand_Gesture/slices/xyc/1/Set2_1_0005,91
/home/yhu/Datasets/Cambridge_Hand_Gesture/slices/xyc/1/Set1_1_0003,56
/home/yhu/Datasets/Cambridge_Hand_Gesture/slices/xyc/1/Set3_1_0010,76
/home/yhu/Datasets/Cambridge_Hand_Gesture/slices/xyc/1/Set4_1_0002,65
/home/yhu/Datasets/Cambridge_Hand_Gesture/slices/xyc/1/Set5_1_0006,54
/home/yhu/Datasets/Cambridge_Hand_Gesture/slices/xyc/1/Set1_1_0018,75
/home/yhu/Datasets/Cambridge_Hand_Gesture/slices/xyc/1/Set2_1_0012,75
/home/yhu/Datasets/Cambridge_Hand_Gesture/slices/xyc/1/Set1_1_0002,56
/home/yhu/Datasets/Cambridge_Hand_Gesture/slices/xyc/1/Set1_1_0019,113
/home/yhu/Datasets/Cambridge_Hand_Gesture/slices/xyc/1/Set1_1_0007,54
/home/yhu/Datasets/Cambridge_Hand_Gesture/slices/xyc/1/Set2_1_0001,82
/home/yhu/Datasets/Cambridge_Hand_Gesture/slices/xyc/1/Set4_1_0018,103
/home/yhu/Datasets/Cambridge_Hand_Gesture/slices/xyc/1/Set1_1_0014,92
/home/yhu/Datasets/Cambridge_Hand_Gesture/slices/xyc/1/Set5_1_0000,59
/home/yhu/Datasets/Cambridge_Hand_Gesture/slices/xyc/1/Set5_1_0005,55
/home/yhu/Datasets/Cambridge_Hand_Gesture/slices/xyc/1/Set1_1_0013,78
/home/yhu/Datasets/Cambridge_Hand_Gesture/slices/xyc/1/Set2_1_0007,93
/home/yhu/Datasets/Cambridge_Hand_Gesture/slices/xyc/1/Set1_1_0010,101
/home/yhu/Datasets/Cambridge_Hand_Gesture/slices/xyc/1/Set4_1_0006,71
/home/yhu/Datasets/Cambridge_Hand_Gesture/slices/xyc/1/Set2_1_0000,91
/home/yhu/Datasets/Cambridge_Hand_Gesture/slices/xyc/1/Set1_1_0006,45
/home/yhu/Datasets/Cambridge_Hand_Gesture/slices/xyc/1/Set1_1_0001,57
/home/yhu/Datasets/Cambridge_Hand_Gesture/slices/xyc/1/Set3_1_0011,78
/home/yhu/Datasets/Cambridge_Hand_Gesture/slices/xyc/1/Set3_1_0019,66
/home/yhu/Datasets/Cambridge_Hand_Gesture/slices/xyc/1/Set1_1_0015,106
/home/yhu/Datasets/Cambridge_Hand_Gesture/slices/xyc/1/Set5_1_0011,73
/home/yhu/Datasets/Cambridge_Hand_Gesture/slices/xyc/1/Set5_1_0003,60
/home/yhu/Datasets/Cambridge_Hand_Gesture/slices/xyc/1/Set4_1_0008,73
/home/yhu/Datasets/Cambridge_Hand_Gesture/slices/xyc/1/Set5_1_0010,66
/home/yhu/Datasets/Cambridge_Hand_Gesture/slices/xyc/1/Set1_1_0005,58
/home/yhu/Datasets/Cambridge_Hand_Gesture/slices/xyc/1/Set4_1_0014,86
/home/yhu/Datasets/Cambridge_Hand_Gesture/slices/xyc/1/Set4_1_0016,82
/home/yhu/Datasets/Cambridge_Hand_Gesture/slices/xyc/1/Set2_1_0003,89
/home/yhu/Datasets/Cambridge_Hand_Gesture/slices/xyc/1/Set3_1_0017,67
/home/yhu/Datasets/Cambridge_Hand_Gesture/slices/xyc/1/Set1_1_0000,61
/home/yhu/Datasets/Cambridge_Hand_Gesture/slices/xyc/1/Set3_1_0015,79
/home/yhu/Datasets/Cambridge_Hand_Gesture/slices/xyc/1/Set3_1_0013,78
/home/yhu/Datasets/Cambridge_Hand_Gesture/slices/xyc/1/Set1_1_0009,49
/home/yhu/Datasets/Cambridge_Hand_Gesture/slices/xyc/1/Set2_1_0019,85
/home/yhu/Datasets/Cambridge_Hand_Gesture/slices/xyc/1/Set2_1_0009,60
/home/yhu/Datasets/Cambridge_Hand_Gesture/slices/xyc/1/Set1_1_0016,90
/home/yhu/Datasets/Cambridge_Hand_Gesture/slices/xyc/1/Set5_1_0015,86
/home/yhu/Datasets/Cambridge_Hand_Gesture/slices/xyc/1/Set4_1_0012,68
/home/yhu/Datasets/Cambridge_Hand_Gesture/slices/xyc/1/Set4_1_0005,57
/home/yhu/Datasets/Cambridge_Hand_Gesture/slices/xyc/1/Set2_1_0002,75
/home/yhu/Datasets/Cambridge_Hand_Gesture/slices/xyc/1/Set5_1_0019,80
/home/yhu/Datasets/Cambridge_Hand_Gesture/slices/xyc/1/Set2_1_0017,81
/home/yhu/Datasets/Cambridge_Hand_Gesture/slices/xyc/1/Set1_1_0008,57
/home/yhu/Datasets/Cambridge_Hand_Gesture/slices/xyc/1/Set3_1_0008,71
/home/yhu/Datasets/Cambridge_Hand_Gesture/slices/xyc/1/Set2_1_0010,76
/home/yhu/Datasets/Cambridge_Hand_Gesture/slices/xyc/1/Set5_1_0017,58
/home/yhu/Datasets/Cambridge_Hand_Gesture/slices/xyc/1/Set2_1_0014,80
/home/yhu/Datasets/Cambridge_Hand_Gesture/slices/xyc/1/Set4_1_0000,56
/home/yhu/Datasets/Cambridge_Hand_Gesture/slices/xyc/1/Set2_1_0008,62
/home/yhu/Datasets/Cambridge_Hand_Gesture/slices/xyc/1/Set5_1_0002,66
/home/yhu/Datasets/Cambridge_Hand_Gesture/slices/xyc/1/Set2_1_0018,63
/home/yhu/Datasets/Cambridge_Hand_Gesture/slices/xyc/1/Set4_1_0017,99
/home/yhu/Datasets/Cambridge_Hand_Gesture/slices/xyc/1/Set5_1_0016,72
/home/yhu/Datasets/Cambridge_Hand_Gesture/slices/xyc/1/Set5_1_0008,66
/home/yhu/Datasets/Cambridge_Hand_Gesture/slices/xyc/1/Set4_1_0003,64
/home/yhu/Datasets/Cambridge_Hand_Gesture/slices/xyc/1/Set4_1_0015,97
/home/yhu/Datasets/Cambridge_Hand_Gesture/slices/xyc/1/Set5_1_0013,76
/home/yhu/Datasets/Cambridge_Hand_Gesture/slices/xyc/1/Set5_1_0001,55
/home/yhu/Datasets/Cambridge_Hand_Gesture/slices/xyc/1/Set5_1_0018,75
/home/yhu/Datasets/Cambridge_Hand_Gesture/slices/xyc/1/Set2_1_0016,74
/home/yhu/Datasets/Cambridge_Hand_Gesture/slices/xyc/1/Set2_1_0006,89
/home/yhu/Datasets/Cambridge_Hand_Gesture/slices/xyc/1/Set3_1_0003,66
/home/yhu/Datasets/Cambridge_Hand_Gesture/slices/xyc/1/Set3_1_0006,73
/home/yhu/Datasets/Cambridge_Hand_Gesture/slices/xyc/1/Set4_1_0019,97
/home/yhu/Datasets/Cambridge_Hand_Gesture/slices/xyc/1/Set4_1_0001,64
/home/yhu/Datasets/Cambridge_Hand_Gesture/slices/xyc/1/Set3_1_0012,54
/home/yhu/Datasets/Cambridge_Hand_Gesture/slices/xyc/1/Set1_1_0017,90
/home/yhu/Datasets/Cambridge_Hand_Gesture/slices/xyc/1/Set4_1_0011,69
/home/yhu/Datasets/Cambridge_Hand_Gesture/slices/xyc/1/Set3_1_0004,62
/home/yhu/Datasets/Cambridge_Hand_Gesture/slices/xyc/1/Set3_1_0007,59
/home/yhu/Datasets/Cambridge_Hand_Gesture/slices/xyc/1/Set5_1_0009,53
/home/yhu/Datasets/Cambridge_Hand_Gesture/slices/xyc/1/Set3_1_0018,68
/home/yhu/Datasets/Cambridge_Hand_Gesture/slices/xyc/1/Set1_1_0011,75
/home/yhu/Datasets/Cambridge_Hand_Gesture/slices/xyc/1/Set4_1_0007,67
/home/yhu/Datasets/Cambridge_Hand_Gesture/slices/xyc/1/Set4_1_0009,70
/home/yhu/Datasets/Cambridge_Hand_Gesture/slices/xyc/1/Set2_1_0013,80
/home/yhu/Datasets/Cambridge_Hand_Gesture/slices/xyc/1/Set4_1_0004,65
/home/yhu/Datasets/Cambridge_Hand_Gesture/slices/xyc/1/Set3_1_0014,77
/home/yhu/Datasets/Cambridge_Hand_Gesture/slices/xyc/1/Set4_1_0010,68
